n,Raw,Function 1,Function 2,Function 3
1000,1403500,1403,140.8318663,44.38256696
2000,473200,236,21.57620411,5.290536835
3000,802900,267,23.17021906,4.886293794
4000,1016100,254,21.22928125,4.016487913
5000,2595300,519,42.24219968,7.340616917
6000,3396700,566,45.10621371,7.30853474
7000,2673100,381,29.89644303,4.564236565
8000,3831300,478,36.9366395,5.354404526
9000,4249900,472,35.94865727,4.977542158
10000,2967400,296,22.33191023,2.9674
11000,3125400,284,21.1637023,2.709047251
12000,4047400,337,24.89038713,3.078961499
13000,5931100,456,33.38438339,4.001476014
14000,5568100,397,28.87659978,3.361359576
15000,3022400,201,14.524476,1.645186177
16000,7814700,488,34.97252571,3.861289255
17000,2292000,134,9.593763506,1.034049267
18000,1979900,109,7.78131767,0.819850183
19000,2141300,112,7.928963356,0.817611734
20000,1521200,76,5.323455427,0.537825418
21000,5030300,239,16.68313125,1.652969897
22000,5971900,271,18.81774261,1.830115527
23000,3134900,136,9.406911653,0.898735585
24000,12721600,530,36.42882901,3.421565621
25000,6502900,260,17.80440802,1.645118032
26000,4259100,163,11.16930564,1.015916035
27000,3564600,132,8.968491665,0.803461658
28000,3732500,133,9.023374759,0.796641211
29000,6002200,206,13.96220258,1.215383863
30000,6669700,222,14.94844304,1.283584363
31000,8861600,285,19.15941262,1.623564707
32000,5084700,158,10.61734367,0.888260535
33000,4093400,124,8.263887404,0.682831072
34000,7957500,234,15.54774964,1.26928244
35000,5886600,168,11.14195572,0.89900573
36000,10238900,284,18.79091911,1.498992812
37000,6834700,184,12.17256862,0.960321983
38000,8403100,221,14.53519124,1.134394565
39000,6104600,156,10.26334607,0.792611377
40000,10310700,257,16.86109037,1.2888375
41000,4269400,104,6.795628925,0.514269846
42000,2027900,48,3.143834717,0.235598543
43000,2211400,51,3.341199527,0.24800739
44000,3407200,77,5.020115383,0.369163379
45000,5571000,123,8.008985911,0.583598797
46000,3367000,73,4.725548195,0.341276488
47000,3142800,66,4.308407054,0.308439477
48000,4146200,86,5.554663571,0.394265151
49000,3178500,64,4.163369044,0.293040803
50000,2713100,54,3.476185123,0.242667041
51000,2585300,50,3.241557574,0.224468643
52000,2497800,48,3.066125914,0.210645723
53000,5286100,99,6.355270314,0.43323304
54000,3167500,58,3.731227787,0.252421291
55000,6289900,114,7.262384734,0.487640431
56000,4074300,72,4.61261111,0.307447498
57000,3605600,63,4.003889134,0.264950816
58000,2876000,49,3.133654097,0.205895517
59000,2902900,49,3.104515917,0.202560172
60000,2890100,48,3.034670192,0.196646397
61000,7476000,122,7.709697754,0.496220315
62000,4458800,71,4.517350295,0.288822124
63000,3227600,51,3.213419037,0.204112162
64000,6173000,96,6.041239395,0.381264453
65000,4361600,67,4.196953973,0.263193888
66000,5816600,88,5.50464216,0.343046739
67000,6425600,95,5.98211293,0.370511321
68000,4651300,68,4.26091183,0.262307666
69000,6994700,101,6.306489778,0.385918374
70000,4457400,63,3.956314172,0.240676977
71000,3633600,51,3.175661013,0.192065603
72000,3706100,51,3.190043288,0.191830822
73000,7528600,103,6.383634801,0.381706832
74000,4352700,58,3.636439324,0.216227614
75000,11104400,148,9.142469679,0.54063381
76000,10459100,137,8.487861296,0.499199253
77000,19578600,254,15.66403345,0.916316582
78000,9635500,123,7.601417365,0.442315697
79000,3934400,49,3.061085625,0.177189456
80000,6905400,86,5.299547167,0.305178448
81000,6603100,81,4.999483715,0.286431216
82000,6333400,77,4.731666615,0.269721856
83000,3924900,47,2.893853617,0.164138877
84000,4255400,50,3.096907252,0.174791963
85000,8829800,103,6.343748913,0.35630546
86000,5368900,62,3.808497011,0.212881361
87000,7735000,88,5.418338775,0.301426506
88000,5575600,63,3.857428193,0.213583452
89000,5330600,59,3.642874281,0.200766425
90000,8789400,97,5.934023076,0.325533333
91000,6890700,75,4.596571174,0.251015913
92000,7185400,78,4.736523375,0.257495242
93000,6603400,71,4.302002174,0.232832275
94000,14752900,156,9.500133162,0.511900576
95000,7837900,82,4.989477943,0.267679006
96000,9188900,95,5.783286372,0.308927575
97000,10362200,106,6.448675435,0.343000197
98000,9078600,92,5.587214397,0.295923713
99000,8560300,86,5.210421368,0.274812317
100000,7689000,76,4.629239273,0.243147529
101000,11895100,117,7.084534246,0.370583464
102000,11630900,114,6.853407544,0.357036868
103000,9831300,95,5.73191701,0.297409688
104000,8441200,81,4.870052425,0.251683173
105000,13259300,126,7.570672781,0.389705602
106000,5355600,50,3.026561754,0.155184855
107000,14704900,137,8.225708091,0.420132626
108000,7912600,73,4.381690864,0.222937732
109000,7935900,72,4.350816218,0.220524294
110000,30406300,276,16.50555516,0.8334404
111000,30387500,273,16.33400907,0.821694734
112000,17800100,158,9.475236706,0.474892606
113000,12651900,111,6.670079945,0.33307197
114000,6562200,57,3.426648846,0.17048736
115000,9968400,86,5.15616707,0.255610504
116000,9303900,80,4.76742472,0.235493026
117000,7348300,62,3.73042451,0.18361497
118000,8075500,68,4.061888942,0.199226181
119000,10905200,91,5.435175795,0.265652063
120000,11012000,91,5.438774072,0.264907549
121000,5977800,49,2.925930537,0.142024518
122000,11512200,94,5.584717209,0.270158465
123000,10589400,86,5.09174128,0.245478627
124000,8249000,66,3.931694435,0.188916015
125000,9638700,77,4.554191166,0.218098884
126000,12223200,97,5.725618614,0.273293373
127000,6885700,54,3.197865432,0.152139686
128000,7794800,60,3.589393451,0.17021194
129000,8558700,66,3.908020647,0.184723963
130000,14596700,112,6.609447987,0.311415091
131000,7493500,57,3.364997503,0.158043911
132000,10914000,82,4.860726103,0.227574215
133000,10839500,81,4.788184039,0.223476463
134000,7853600,58,3.441133784,0.160107465
135000,9861600,73,4.286252649,0.198813893
136000,9503300,69,4.097589472,0.189481178
137000,6981700,50,2.986513261,0.137683004
138000,9224600,66,3.914941949,0.179940496
139000,14280700,102,6.013491395,0.275567055
140000,10924700,78,4.564683487,0.208553492
141000,11256500,79,4.667159711,0.212605603
142000,11491800,80,4.728346851,0.214761062
143000,8511000,59,3.47534038,0.157389782
144000,12055400,83,4.885590328,0.220616447
145000,12579700,86,5.059961696,0.227833867
146000,6929200,47,2.766458154,0.124209214
147000,30917800,210,12.25281533,0.548570667
148000,29963200,202,11.78755474,0.526254255
149000,16722400,112,6.530764079,0.290749653
150000,10863800,72,4.212096868,0.187001407
151000,8396800,55,3.232232972,0.143102885
152000,10123400,66,3.869085097,0.170828771
153000,11887200,77,4.511022538,0.198628894
154000,11151400,72,4.202024703,0.184522068
155000,10842400,69,4.057031562,0.177675636
156000,12999800,83,4.830511296,0.210984122
157000,8124800,51,2.998209971,0.130606022
158000,11124400,70,4.076975581,0.177129528
159000,12089900,76,4.400634948,0.190689606
160000,7605100,47,2.749460076,0.118829688
161000,13601500,84,4.884247329,0.210546483
162000,16178400,99,5.770760263,0.248120728
163000,12384900,75,4.388283058,0.188196307
164000,13514600,82,4.756941514,0.203487354
165000,8154500,49,2.851425597,0.121666614
166000,12351300,74,4.290766281,0.182620925
167000,14419400,86,4.976729556,0.211286857
168000,10227600,60,3.50721366,0.148528506
169000,12400700,73,4.225159435,0.178490927
170000,10032900,59,3.396631002,0.143137392
171000,11974200,70,4.028188245,0.169337187
172000,12429600,72,4.155066267,0.174246668
173000,8299800,47,2.757160068,0.11534492
174000,12351800,70,4.077687768,0.170179161
175000,13923700,79,4.568181721,0.190194338
176000,12389500,70,4.039828646,0.167797227
177000,17248200,97,5.589702207,0.231624172
178000,11691800,65,3.765972132,0.15568665
179000,18923400,105,6.058437905,0.249873168
180000,14378700,79,4.575743265,0.188282894
181000,19430800,107,6.146499447,0.252332284
182000,11146500,61,3.504977759,0.143559335
183000,15493800,84,4.84315709,0.197916185
184000,9560300,51,2.970845877,0.121128067
185000,14954300,80,4.61983702,0.187935358
186000,11933700,64,3.66523199,0.14876669
187000,14098400,75,4.305024632,0.174344166
188000,14481400,77,4.396522997,0.177653503
189000,10527900,55,3.17794898,0.128129474
190000,16524200,86,4.959583694,0.199521656
191000,12519600,65,3.736353401,0.149982436
192000,24543800,127,7.283581333,0.291735957
193000,10470900,54,3.089908999,0.123494623
194000,17285400,89,5.072386217,0.202291129
195000,10244300,52,2.989502601,0.118968058
196000,14865000,75,4.313976398,0.171309247
197000,14350800,72,4.141879653,0.164125769
198000,15598300,78,4.477332313,0.177043295
199000,15285000,76,4.363553059,0.172181239
200000,12269700,61,3.48380196,0.137179416
201000,14641000,72,4.134726356,0.1624713
202000,12375600,61,3.476246099,0.136313607
203000,19925000,98,5.567014928,0.217848349
204000,10059400,49,2.795679684,0.109175912
205000,19266000,93,5.32610256,0.207568174
206000,14348600,69,3.945857366,0.153464772
207000,16019700,77,4.382392343,0.170097864
208000,13303600,63,3.620446303,0.140240734
209000,14643800,70,3.964548188,0.153261954
210000,14772700,70,3.97885022,0.153507973
211000,15655900,74,4.195118847,0.161530432
212000,18033500,85,4.807567465,0.184746506
213000,24990400,117,6.628392531,0.254216539
214000,16839000,78,4.443767962,0.170096602
215000,23131800,107,6.073721707,0.23203406
216000,22577100,104,5.898400036,0.224899003
217000,12034800,55,3.12849654,0.119055449
218000,21940600,100,5.675264028,0.215557808
219000,13629100,62,3.50796669,0.132984494
220000,16835000,76,4.311833345,0.163147003
221000,15692200,71,3.999475179,0.151041199
222000,17355500,78,4.401860748,0.165923411
223000,14876400,66,3.754798206,0.141266945
224000,18187800,81,4.56844088,0.171556881
225000,21549300,95,5.386783316,0.201910726
226000,23182000,102,5.767200787,0.2157686
227000,24695100,108,6.114374556,0.228334746
228000,26128300,114,6.438558574,0.239998697
229000,15638500,68,3.835464126,0.142705881
230000,17912300,77,4.372486985,0.162390119
231000,16394200,70,3.983186756,0.147663194
232000,19556500,84,4.729374366,0.175008505
233000,18925200,81,4.555477793,0.168269962
234000,23686700,101,5.675284146,0.209257375
235000,20427700,86,4.871926656,0.179315437
236000,17464800,74,4.14621347,0.152333567
237000,26096900,110,6.167259363,0.226186355
238000,19929100,83,4.688291809,0.17164148
239000,17478200,73,4.093131027,0.149589067
240000,16855900,70,3.929625372,0.143362341
241000,17900200,74,4.15437355,0.151297698
242000,16374200,67,3.78324389,0.13754254
243000,17979700,73,4.135722014,0.150097352
244000,13790000,56,3.157954078,0.114414094
245000,18022100,73,4.108918386,0.148612818
246000,15192700,61,3.448621436,0.124518047
247000,20284200,82,4.584211936,0.16523896
248000,22177000,89,4.990149773,0.179566482
249000,20733000,83,4.644987909,0.166864183
250000,16568700,66,3.695984528,0.1325496
251000,17149500,68,3.809079134,0.136376921
252000,17006200,67,3.761058861,0.13443318
253000,14653900,57,3.226991487,0.115152254
254000,19774400,77,4.336077476,0.154473057
255000,14607500,57,3.189525304,0.113439845
256000,19713500,77,4.286250918,0.152196193
257000,19906300,77,4.309980422,0.152788568
258000,23798300,92,5.13107936,0.181600222
259000,19491100,75,4.184892254,0.147872258
260000,18156400,69,3.882127931,0.136952423
261000,19720100,75,4.199024075,0.14789325
262000,17545200,66,3.720520085,0.130829712
263000,19196600,72,4.053989306,0.142328113
264000,18580500,70,3.907828131,0.136978216
265000,19707900,74,4.128050047,0.14446796
266000,22534600,84,4.700972627,0.164258328
267000,24669500,92,5.125522563,0.17881068
268000,30806300,114,6.374760823,0.222043134
269000,23074400,85,4.755628192,0.165387239
270000,18881900,69,3.875991455,0.13458605
271000,25672400,94,5.24891696,0.181975338
272000,19977500,73,4.068336885,0.140827602
273000,19462400,71,3.947763045,0.136443366
274000,19670000,71,3.974150296,0.137144538
275000,25388200,92,5.109323091,0.176048719
276000,17757100,64,3.559600523,0.122463993
277000,20554500,74,4.104309442,0.14098966
278000,19591000,70,3.896726195,0.133656293
279000,20250100,72,4.01223783,0.1374108
280000,28827000,102,5.689593175,0.194563962
281000,28100400,100,5.524876239,0.188648355
282000,23936700,84,4.688226531,0.159841893
283000,21256600,75,4.147422718,0.141193319
284000,27952100,98,5.433066529,0.184687257
285000,24615100,86,4.766330062,0.161783533
286000,24569200,85,4.739486146,0.160635661
287000,29101700,101,5.592707437,0.189275985
288000,26637300,92,5.099917712,0.172346104
289000,25160200,87,4.799123944,0.161944918
290000,24991100,86,4.749127251,0.160025199
291000,26036500,89,4.929435647,0.165860557
292000,23515700,80,4.435721207,0.149033408
293000,31664800,108,5.950868365,0.19965276
294000,23455100,79,4.39181097,0.147135102
295000,24505500,83,4.571704271,0.152943331
296000,22823800,77,4.242444248,0.141726279
297000,23858800,80,4.418713037,0.14740558
298000,20163400,67,3.720791406,0.123947956
299000,24948600,83,4.587197121,0.152594682
300000,22746600,75,4.16727972,0.138431399
301000,26689600,88,4.872124803,0.161618965
302000,21983400,72,3.998679377,0.132459908
303000,20634600,68,3.739971782,0.123717778
304000,23578600,77,4.258395272,0.140671993
305000,21714800,71,3.907910205,0.128915778
306000,26313400,85,4.718799925,0.155451468
307000,30460700,99,5.443338771,0.17907391
308000,35979100,116,6.406954941,0.210486487
309000,28482200,92,5.054238885,0.165819581
310000,25580000,82,4.523437236,0.148203343
311000,21625000,69,3.810788494,0.12468538
312000,25416700,81,4.463478691,0.145843565
313000,33760300,107,5.90827928,0.192792347
314000,35315300,112,6.159179277,0.20070973
315000,33375800,105,5.800983591,0.188784291
316000,45198800,143,7.829095929,0.254446382
317000,27658000,87,4.774467691,0.154964379
318000,28888800,90,4.970016787,0.161097508
319000,21710500,68,3.722433998,0.120499099
320000,26624400,83,4.549571224,0.14708042
321000,22934400,71,3.905854691,0.126104282
322000,26827800,83,4.553615886,0.14682542
323000,35131100,108,5.943061996,0.191376217
324000,22725700,70,3.831664518,0.123225263
325000,22653800,69,3.806864813,0.122268904
326000,26955800,82,4.51480777,0.144819094
327000,29518900,90,4.927791087,0.157862342
328000,24689400,75,4.108016127,0.131431593
329000,19167500,58,3.178783439,0.101571444
330000,30778300,93,5.087662771,0.16235801
331000,24587000,74,4.050995634,0.129111091
332000,25317600,76,4.157819327,0.132347398
333000,25826400,77,4.227640726,0.13439946
334000,21566500,64,3.518918743,0.111727471
335000,36056000,107,5.864172081,0.185956059
336000,24857100,73,4.029799239,0.127626701
337000,31088000,92,5.023815683,0.158908794
338000,34143600,101,5.499995513,0.173753779
339000,34510800,101,5.541461073,0.174845911
340000,36029100,105,5.766907793,0.18173352
341000,22454500,65,3.582757318,0.11276435
342000,28312000,82,4.503114734,0.141557013
343000,31697300,92,5.025707634,0.157790586
344000,31836600,92,5.031970914,0.157793466
345000,29074500,84,4.581040883,0.143477438
346000,30589100,88,4.804664211,0.150297775
347000,23763700,68,3.720992257,0.116257197
348000,24936700,71,3.892565785,0.121470303
349000,24566700,70,3.822961877,0.119154015
350000,29228500,83,4.534398701,0.141157664
351000,30994300,88,4.793567911,0.149046286
352000,33191800,94,5.117708626,0.158933999
353000,44318300,125,6.812387507,0.211310479
354000,37724400,106,5.78114512,0.179109016
355000,28705900,80,4.385728421,0.135715246
356000,32434300,91,4.940351747,0.152696658
357000,28776600,80,4.369978619,0.13490783
358000,24916300,69,3.772363797,0.116321237
359000,26470000,73,3.995561482,0.123058685
360000,26188200,72,3.941186973,0.121241667
361000,26100500,72,3.916258616,0.120333909
362000,27739400,76,4.149773178,0.127360339
363000,33367200,91,4.976859882,0.152566726
364000,28844200,79,4.289494094,0.131342846
365000,28625000,78,4.244324219,0.129809417
366000,29392600,80,4.345303101,0.132744451
367000,35467600,96,5.228009915,0.159526452
368000,32238500,87,4.738113421,0.144411939
369000,41090800,111,6.021500471,0.183317973
370000,48656600,131,7.109431041,0.216191777
371000,37788000,101,5.505330468,0.167221857
372000,36949700,99,5.367600971,0.162853279
373000,36926700,98,5.348758945,0.162097848
374000,43142800,115,6.231139308,0.188625726
375000,31767800,84,4.575054205,0.1383376
376000,39293500,104,5.642650318,0.170427215
377000,27778500,73,3.977661869,0.120004288
378000,28945200,76,4.132906562,0.124548601
379000,29516600,77,4.202508662,0.126504949
380000,32295100,84,4.585064543,0.13786729
381000,27807600,72,3.936788832,0.118243165
382000,29190500,76,4.120910492,0.123636439
383000,43619900,113,6.140624967,0.184029101
384000,49187700,128,6.905003353,0.206709139
385000,37420200,97,5.238369686,0.156644449
386000,37885600,98,5.288713574,0.157976764
387000,39851600,102,5.547670219,0.165530991
388000,39342400,101,5.461574508,0.162784579
389000,33670300,86,4.661216387,0.138778626
390000,42711700,109,5.896543571,0.175367838
391000,41565700,106,5.72251874,0.170008237
392000,36953500,94,5.073553588,0.150565849
393000,32784400,83,4.488813119,0.133069466
394000,57735400,146,7.883464616,0.233452133
395000,46355100,117,6.312278564,0.186724747
396000,42223000,106,5.733956947,0.169436241
397000,45965900,115,6.225307609,0.183759588
398000,48755600,122,6.585249693,0.194177943
399000,53557900,134,7.214345641,0.212502575
400000,46226000,115,6.209953393,0.182724309
401000,40443400,100,5.418527049,0.159268944
402000,55727600,138,7.446263738,0.218640826
403000,75784500,188,10.0991742,0.296225759
404000,66517200,164,8.840559067,0.259037066
405000,64218000,158,8.512276577,0.249157659
406000,63952300,157,8.454563042,0.247210617
407000,59490300,146,7.843864099,0.229115539
408000,48816000,119,6.419450217,0.187314736
409000,38675800,94,5.072587189,0.14786124
410000,47539600,115,6.218750323,0.181083858
411000,46345900,112,6.046709426,0.175893013
412000,47897600,116,6.232818759,0.181120634
413000,44930400,108,5.831452859,0.169283725
414000,45288200,109,5.862596991,0.170013946
415000,44543500,107,5.751227687,0.16661427
416000,62710800,150,8.075929838,0.233723481
417000,63076700,151,8.10206741,0.234242062
418000,69412700,166,8.892937156,0.25684701
419000,59085100,141,7.550337243,0.217849687
420000,50035500,119,6.377513533,0.183824887
421000,50494400,119,6.419538343,0.184850263
422000,48466900,114,6.146047526,0.176797682
423000,51412500,121,6.502975624,0.186877997
424000,47755100,112,6.025020423,0.172970075
425000,51201100,120,6.443413958,0.184797417
426000,43193100,101,5.421902439,0.155345965
427000,49434500,115,6.18971487,0.177169245
428000,47021400,109,5.872753967,0.167930624
429000,55606700,129,6.927582321,0.197897899
430000,43802600,101,5.443338468,0.155344974
431000,58854800,136,7.295595708,0.208001268
432000,42598200,98,5.267275959,0.150025688
433000,52246400,120,6.44420976,0.183368413
434000,50660800,116,6.23313198,0.177189282
435000,39586300,91,4.858505175,0.137978375
436000,45502200,104,5.570781408,0.15805297
437000,57277100,131,6.995087996,0.198270849
438000,39099300,89,4.763345075,0.134883186
439000,46875700,106,5.696710915,0.161157672
440000,43518800,98,5.275809672,0.149106953
441000,50617700,114,6.121429302,0.172840106
442000,49054200,110,5.917895178,0.166933229
443000,47578000,107,5.725854402,0.161361749
444000,45834300,103,5.502628148,0.154923089
445000,41122800,92,4.925043483,0.138529626
446000,45278300,101,5.409631825,0.152015483
447000,43784300,97,5.218534689,0.146506579
448000,47830300,106,5.687064977,0.159509327
449000,39683500,88,4.707088015,0.131898682
450000,55602900,123,6.579598455,0.184195354
451000,40031900,88,4.725742667,0.132172587
452000,47539800,105,5.598677443,0.156440681
453000,47510700,104,5.581951495,0.155827508
454000,46525100,102,5.453191739,0.152091007
455000,56233100,123,6.575466713,0.183220866
456000,46080600,101,5.375589032,0.149647981
457000,49183600,107,5.724056145,0.159201082
458000,43601900,95,5.062521425,0.14067185
459000,38680200,84,4.4805394,0.124385479
460000,47498000,103,5.489076386,0.152243436
461000,39981300,86,4.609623405,0.127733709
462000,46417400,100,5.339199407,0.147814775
463000,49223100,106,5.648762177,0.156241887
464000,37754700,81,4.322614882,0.119452173
465000,58345900,125,6.664679037,0.184005546
466000,40044500,85,4.563597365,0.125882106
467000,49911100,106,5.674914218,0.156394624
468000,45141300,96,5.120779689,0.14099551
469000,45890800,97,5.19385325,0.14287833
470000,62373400,132,7.043161028,0.193576499
471000,53128300,112,5.985499525,0.164359404
472000,49186400,104,5.528762306,0.151681299
473000,43227500,91,4.847898427,0.132882689
474000,49244900,103,5.510198752,0.150901566
475000,54378100,114,6.070783391,0.166105348
476000,46937100,98,5.228218733,0.142924218
477000,42523500,89,4.725909062,0.129077764
478000,50561200,105,5.606536556,0.152994398
479000,56229900,117,6.22110572,0.169614916
480000,52281200,108,5.77126281,0.157211275
481000,58051900,120,6.393943827,0.174019864
482000,55719300,115,6.123322527,0.166507996
483000,63290700,131,6.939888788,0.188546816
484000,40367500,83,4.416493637,0.119884714
485000,43207900,89,4.716763096,0.127923564
486000,59635200,122,6.495621828,0.176014431
487000,57325100,117,6.230200323,0.168675256
488000,53184900,108,5.767487424,0.156012219
489000,40325900,82,4.363404456,0.117929045
490000,49034100,100,5.294008919,0.14295656
491000,49454700,100,5.32771577,0.143742546
492000,43499900,88,4.675959052,0.126049348
493000,38386400,77,4.11728312,0.110893734
494000,35889700,72,3.841103552,0.103366403
495000,36932500,74,3.94411582,0.106047616
496000,66547100,134,7.091314901,0.190505106
497000,49944500,100,5.310603783,0.14254536
498000,50423800,101,5.349981728,0.143480063
499000,41660900,83,4.410702504,0.11818921
500000,39304600,78,4.152281398,0.111170197
501000,44023400,87,4.640803027,0.124144359
502000,43726300,87,4.599602648,0.122938286
503000,36743800,73,3.856839343,0.102998782
504000,58898800,116,6.169154954,0.164611678
505000,50191400,99,5.245925805,0.139859587
506000,48410900,95,5.049070506,0.134498482
507000,41470800,81,4.316064951,0.114876309
508000,55029900,108,5.715094154,0.151985849
509000,44839000,88,4.646880591,0.12347506
510000,40155100,78,4.152685563,0.110251739
511000,34427200,67,3.552831308,0.094247611
512000,44414900,86,4.573913225,0.121233808
513000,36037100,70,3.70337088,0.098078494
514000,48455100,94,4.969089191,0.131490633
515000,112369400,218,11.49944985,0.304044547
516000,114017500,220,11.64377999,0.30760753
517000,81519400,157,8.307659553,0.219293197
518000,60579800,116,6.160877151,0.162492453
519000,91659900,176,9.302353543,0.245147993
520000,64806900,124,6.563495658,0.172828847
521000,99856500,191,10.09235513,0.265533766
522000,55710200,106,5.618946055,0.147716484
523000,55397500,105,5.57591309,0.146466274
524000,49975800,95,5.019875971,0.131753701
525000,37551700,71,3.764193564,0.098716704
526000,45754900,86,4.577103922,0.119938605
527000,35767300,67,3.570687436,0.093491092
528000,39070000,73,3.892452272,0.101833935
529000,39100100,73,3.887529028,0.10162355
530000,36775200,69,3.648954017,0.095310608
531000,44486900,83,4.405190903,0.114971544
532000,43555800,81,4.304269877,0.112247983
533000,37177100,69,3.66649905,0.095539881
534000,36384300,68,3.581082391,0.093239973
535000,40107100,74,3.939557278,0.102492146
536000,45591500,85,4.469279851,0.116181424
537000,36804500,68,3.600673445,0.093527536
538000,37539700,69,3.665256607,0.095129975
539000,44968800,83,4.381847743,0.113639196
540000,41865600,77,4.07133949,0.105503455
541000,38514800,71,3.738034189,0.096790281
542000,53936000,99,5.224341845,0.135169842
543000,39954700,73,3.862420498,0.099854612
544000,38760000,71,3.739520069,0.096601844
545000,39743300,72,3.82681998,0.098780034
546000,43428200,79,4.173395333,0.107642274
547000,42382200,77,4.064867165,0.104761693
548000,48643400,88,4.656220284,0.11990936
549000,45740800,83,4.369800899,0.112446318
550000,43098100,78,4.109281324,0.105660848
551000,46472600,84,4.422380733,0.113623869
552000,39341500,71,3.736483156,0.095927317
553000,42056000,76,3.986525765,0.102268119
554000,43364300,78,4.102560404,0.105164144
555000,38609500,69,3.645645065,0.093380179
556000,38538000,69,3.631854708,0.092955905
557000,41541800,74,3.907376056,0.099931526
558000,40017000,71,3.756700283,0.096004862
559000,40397900,72,3.785161712,0.096658729
560000,43059700,76,4.026815942,0.102751687
561000,45259200,80,4.224392677,0.107711626
562000,40178000,71,3.742948425,0.095363864
563000,38701900,68,3.598549012,0.091615656
564000,45569600,80,4.229036572,0.107586198
565000,43531800,77,4.032231095,0.102502381
566000,38095800,67,3.522004634,0.089464853
567000,40123100,70,3.702395477,0.093976635
568000,37631800,66,3.465933937,0.087908828
569000,38785700,68,3.565458123,0.09036562
570000,51026100,89,4.681833336,0.118571439
571000,41656300,72,3.814921264,0.096544276
572000,45564700,79,4.16501102,0.105325729
573000,46436700,81,4.236753305,0.107060537
574000,39647700,69,3.610567298,0.091169623
575000,40747300,70,3.703764167,0.093453822
576000,37931900,65,3.441418976,0.086770255
577000,40571100,70,3.674003903,0.092566334
578000,37967400,65,3.43182376,0.086401066
579000,50794400,87,4.582712872,0.115291686
580000,65716300,113,5.917987053,0.148775395
581000,64697600,111,5.815466625,0.146091172
582000,54192700,93,4.862213972,0.122055207
583000,54391800,93,4.871076789,0.122188575
584000,48370900,82,4.323897206,0.108383931
585000,43138500,73,3.849082831,0.096412033
586000,43650500,74,3.887620256,0.097306712
587000,47572400,81,4.229153407,0.105778623
588000,42828500,72,3.80046176,0.094987591
589000,39457300,66,3.494920896,0.087287976
590000,41833100,70,3.698604316,0.092308572
591000,39624900,67,3.496996422,0.087214151
592000,57501200,97,5.065408167,0.126239233
593000,49753900,83,4.374984674,0.108954479
594000,41987900,70,3.685418105,0.091715869
595000,43922000,73,3.848214331,0.095698837
596000,42437400,71,3.711434268,0.092231523
597000,48119800,80,4.200819297,0.104318736
598000,44601700,74,3.886691742,0.096449424
599000,43891600,73,3.817947123,0.094676279
600000,50341500,83,4.371150584,0.108317662
601000,41593300,69,3.605084245,0.089271261
602000,49742400,82,4.303705031,0.106495682
603000,46517900,77,4.017546214,0.09934457
604000,82347000,136,7.099289251,0.175425359
605000,48343400,79,4.160369234,0.102731618
606000,45772600,75,3.932141565,0.097027903
607000,49110800,80,4.211441065,0.103847004
608000,45226000,74,3.871447079,0.095396581
609000,38397000,63,3.281067326,0.080792557
610000,43599300,71,3.719044114,0.091513415
611000,41907000,68,3.568400665,0.087745481
612000,46517900,76,3.954063357,0.097161222
613000,43944800,71,3.728797099,0.091562318
614000,42326500,68,3.585193525,0.087975106
615000,37842200,61,3.199755931,0.078462782
616000,47638700,77,4.021071996,0.098534617
617000,51861800,84,4.369907475,0.107008885
618000,44353300,71,3.730736144,0.091294208
619000,45798800,73,3.845633261,0.094041192
620000,61128400,98,5.123930018,0.125214751
621000,54378700,87,4.550264031,0.111119792
622000,51756200,83,4.323336022,0.105505914
623000,43382600,69,3.617614043,0.088223342
624000,51513300,82,4.288222202,0.104506304
625000,46417900,74,3.85741049,0.093943224
626000,48211800,77,3.999607517,0.097340113
627000,49898300,79,4.132421743,0.100504253
628000,61348200,97,5.071971041,0.123271409
629000,49026400,77,4.046338272,0.098277485
630000,48024900,76,3.956918269,0.096040773
631000,51122600,81,4.204972446,0.101992654
632000,47346100,74,3.88772217,0.09423421
633000,47715500,75,3.911401996,0.094744479
634000,48549300,76,3.973004723,0.096172097
635000,44623000,70,3.645517402,0.088185702
636000,44815300,70,3.655040429,0.088356933
637000,48566800,76,3.954321649,0.095527924
638000,41458800,64,3.369899995,0.081355274
639000,45150800,70,3.663824566,0.088392245
640000,44709800,69,3.621946508,0.087323828
641000,49447300,77,3.999015774,0.096350847
642000,46099800,71,3.722047812,0.089618258
643000,43567000,67,3.51167303,0.084496982
644000,66074600,102,5.316987069,0.127851475
645000,54318900,84,4.363729326,0.104860372
646000,54956900,85,4.40763851,0.105845756
647000,48273900,74,3.865219452,0.09275898
648000,45357500,69,3.625684654,0.086953406
649000,46808600,72,3.735483631,0.089527943
650000,47321600,72,3.77017914,0.09030034
651000,46559500,71,3.703338112,0.088641445
652000,50455100,77,4.006579143,0.095837103
653000,58338800,89,4.62499053,0.110557375
654000,57322800,87,4.53697675,0.108382902
655000,60474100,92,4.77854269,0.114079462
656000,60776700,92,4.794586564,0.114388234
657000,55919000,85,4.40415431,0.105005329
658000,52816200,80,4.152985851,0.098952851
659000,49686100,75,3.900492631,0.092876702
660000,50547100,76,3.961622866,0.094271483
661000,48233800,72,3.774172741,0.089753065
662000,57526400,86,4.493988696,0.106802203
663000,58625600,88,4.572435979,0.108596795
664000,55937200,84,4.355697168,0.103382875
665000,47158400,70,3.666179301,0.086961414
666000,48895900,73,3.79512277,0.089962414
667000,50704400,76,3.929152062,0.093080112
668000,45850500,68,3.547301665,0.083980679
669000,45330000,67,3.501399578,0.082841231
670000,43472800,64,3.352559748,0.07926937
671000,49290900,73,3.795156273,0.089677392
672000,49257100,73,3.786489867,0.089415937
673000,50800600,75,3.898907072,0.092012376
674000,46491300,68,3.562483414,0.084019839
675000,46625300,69,3.567064408,0.084074827
676000,51392900,76,3.925559977,0.092466215
677000,45970600,67,3.505814004,0.082527211
678000,46976400,69,3.576841219,0.084146332
679000,45002200,66,3.421101236,0.08043204
680000,55986000,82,4.249373335,0.099842643
681000,47730700,70,3.617075172,0.084933131
682000,53105000,77,4.018004677,0.094288527
683000,52578300,76,3.971895988,0.093148418
684000,57534600,84,4.339480416,0.101705619
685000,95036900,138,7.156805366,0.167631798
686000,101241800,147,7.612128527,0.178186043
687000,64097000,93,4.811763397,0.112564798
688000,69597200,101,5.216505008,0.121957668
689000,49358200,71,3.693766731,0.086303912
690000,44332800,64,3.312520636,0.077348434
691000,53811200,77,4.014489921,0.093681882
692000,46836300,67,3.488715222,0.081362341
693000,55096900,79,4.097663873,0.095505265
694000,63081600,90,4.684239253,0.109109733
695000,61625700,88,4.569055255,0.10636155
696000,57792100,83,4.278210678,0.09953014
697000,64151200,92,4.741640144,0.110244166
698000,60044000,86,4.43123215,0.102964255
699000,54753700,78,4.034599234,0.093690964
700000,56507100,80,4.157410914,0.096484147
701000,63058700,89,4.63232376,0.107440491
702000,54533900,77,3.999957377,0.092717324
703000,47794400,67,3.500271128,0.081085654
704000,49601500,70,3.627073001,0.083972256
705000,47647700,67,3.47889394,0.080493028
706000,50684000,71,3.694952277,0.08544051
707000,64658200,91,4.706534068,0.108766334
708000,64616800,91,4.696384287,0.108466483
709000,50577800,71,3.67045271,0.084720904
710000,55564800,78,4.026260824,0.092877867
711000,59994600,84,4.340679234,0.10007089
712000,48046900,67,3.47100479,0.079973367
713000,50145600,70,3.617161564,0.083291088
714000,56892700,79,4.097677517,0.094299465
715000,51019500,71,3.669141889,0.084387308
716000,50454600,70,3.623072876,0.083278182
717000,53639500,74,3.846005771,0.088349885
718000,49590800,69,3.550390685,0.081510667
719000,48286700,67,3.451860904,0.079201643
720000,51205000,71,3.655020091,0.083813432
721000,60008600,83,4.277041206,0.098019075
722000,51275700,71,3.649177437,0.083580661
723000,52342900,72,3.719593726,0.085143272
724000,50341300,69,3.572048873,0.081717783
725000,54020200,74,3.827412651,0.087508286
726000,59792600,82,4.230128548,0.096659047
727000,63615700,87,4.493951209,0.102627251
728000,51732500,71,3.649104597,0.083284925
729000,53933700,73,3.798767803,0.086650071
730000,54480300,74,3.83162143,0.087348449
731000,50059100,68,3.51550395,0.080095289
732000,59093900,80,4.143902542,0.094357414
733000,56866300,77,3.981851451,0.090614774
734000,53128800,72,3.714703574,0.084486227
735000,54524100,74,3.806690843,0.086528166
736000,69781300,94,4.864788574,0.110515282
737000,56541500,76,3.9360347,0.089364719
738000,60818500,82,4.227609242,0.095929275
739000,64444100,87,4.473121544,0.101441697
740000,68438000,92,4.743447586,0.107510215
741000,58897800,79,4.076298567,0.09233615
742000,73815700,99,5.101367679,0.115489602
743000,59948200,80,4.137003166,0.093603681
744000,57157500,76,3.938724476,0.089066384
745000,56654900,76,3.8984626,0.08810551
746000,53113100,71,3.649487729,0.082431539
747000,55939500,74,3.838168553,0.086643837
748000,59429900,79,4.071800649,0.091865534
749000,64440100,86,4.408741105,0.099410779
750000,65382900,87,4.466838891,0.10066356
751000,56736000,75,3.870556177,0.087176375
752000,77473000,103,5.277696572,0.118801962
753000,73614700,97,5.00770576,0.112660606
754000,63720200,84,4.328450202,0.097324036
755000,56798300,75,3.852764785,0.086579467
756000,55541600,73,3.762168393,0.084495911
757000,51347600,67,3.473149672,0.077960808
758000,81165000,107,5.482220088,0.122988636
759000,59499800,78,4.013177042,0.08998142
760000,56398900,74,3.798651048,0.085123652
761000,60917000,80,4.097170515,0.091761715
762000,63466000,83,4.262596587,0.095413246
763000,55818600,73,3.743694717,0.083751411
764000,61302500,80,4.105715569,0.091799042
765000,61203400,80,4.09332485,0.091470994
766000,60538800,79,4.043200346,0.090300604
767000,68008900,88,4.535746702,0.101244795
768000,82281900,107,5.47998968,0.122253832
769000,72655300,94,4.832099964,0.107740203
770000,70933900,92,4.711035983,0.104982703
771000,81607900,105,5.412395812,0.120545398
772000,61116600,79,4.047735121,0.090101752
773000,62909700,81,4.160704304,0.092565334
774000,59345600,76,3.919538061,0.087151945
775000,59742100,77,3.94025883,0.087564471
776000,68451000,88,4.5084032,0.100135303
777000,61779000,79,4.06334119,0.090200583
778000,72391200,93,4.754758162,0.105491236
779000,63869900,81,4.189285009,0.09289451
780000,65415000,83,4.284723527,0.094958849
781000,65378300,83,4.276432677,0.094723355
782000,85222300,108,5.566786845,0.123237569
783000,65534500,83,4.274894722,0.094586106
784000,53347200,68,3.475136915,0.076848879
785000,56873900,72,3.699805715,0.081772735
786000,61041200,77,3.965476231,0.087597002
787000,62263800,79,4.039383143,0.089181244
788000,55522700,70,3.597144616,0.079374545
789000,64944900,82,4.201854626,0.092667948
790000,61242500,77,3.956929234,0.087219235
791000,60287500,76,3.889939085,0.085696394
792000,66441100,83,4.281177573,0.09426469
793000,63234300,79,4.069029066,0.089545329
794000,65908100,83,4.235349589,0.093155401
795000,62786600,78,4.029309008,0.088576043
796000,68955400,86,4.419221502,0.097095406
797000,68185900,85,4.364019514,0.095831237
798000,62831900,78,4.01594407,0.08814057
799000,64796100,81,4.135922787,0.09072536
800000,77843700,97,4.96208103,0.108789878
801000,90525700,113,5.762750697,0.126276669
802000,70616700,88,4.489351885,0.098320905
803000,84674400,105,5.375852872,0.117673538
804000,65020900,80,4.122569321,0.090192184
805000,60910400,75,3.856798157,0.084333016
806000,64454500,79,4.07577213,0.089073944
807000,78885700,97,4.981691717,0.108814803
808000,90687800,112,5.719394642,0.124862442
809000,70366500,86,4.431905568,0.096703717
810000,67912800,83,4.271695146,0.093158848
811000,85033100,104,5.341477552,0.116427811
812000,76093900,93,4.773629754,0.1039958
813000,69349200,85,4.344767565,0.094603159
814000,65771000,80,4.115157388,0.08955665
815000,62478600,76,3.904009933,0.084917046
816000,58363000,71,3.642047095,0.079177607
817000,65118800,79,4.058292705,0.088180652
818000,65196100,79,4.057778404,0.088123485
819000,62619700,76,3.892316282,0.084486074
820000,64371700,78,3.99597947,0.086691037
821000,68895900,83,4.271235071,0.092614427
822000,79392100,96,4.915524975,0.10652942
823000,68200500,82,4.21709506,0.091345636
824000,73990100,89,4.569128299,0.098919701
825000,79788400,96,4.920781617,0.106477742
826000,81410700,98,5.014309184,0.108445471
827000,64749000,78,3.982893165,0.08609438
828000,68850700,83,4.229710161,0.091382462
829000,78297000,94,4.803797708,0.103732137
830000,73977400,89,4.53290559,0.097832224
831000,64496500,77,3.946866706,0.085140189
832000,64171900,77,3.921936793,0.084559014
833000,64828700,77,3.956972773,0.085270697
834000,63966600,76,3.899327824,0.083985477
835000,61837100,74,3.764670762,0.081043726
836000,64326800,76,3.911217002,0.084155505
837000,64402200,76,3.910780273,0.084103199
838000,60982200,72,3.698360288,0.079494496
839000,59331500,70,3.593648047,0.07720446
840000,61675600,73,3.730854784,0.080111424
841000,73618900,87,4.447640737,0.095454263
842000,60441700,71,3.646893844,0.078229136
843000,61320200,72,3.695189795,0.079224991
844000,68924200,81,4.1481296,0.088891056
845000,63441300,75,3.813297682,0.081674599
846000,60120100,71,3.609084408,0.07726168
847000,68773900,81,4.12335153,0.088226396
848000,70799600,83,4.239430592,0.090664449
849000,65949100,77,3.943994191,0.084303836
850000,62019200,72,3.704289079,0.079140314
851000,64044100,75,3.820408518,0.081580204
852000,66140100,77,3.940471022,0.084101832
853000,65452000,76,3.894569613,0.083080552
854000,64187100,75,3.814505154,0.081331906
855000,62569600,73,3.713713314,0.079143309
856000,85551200,99,5.071381558,0.108022807
857000,85545600,99,5.064699498,0.107826732
858000,73364000,85,4.338059161,0.092310706
859000,65000600,75,3.838724392,0.081644629
860000,74654800,86,4.403368553,0.093607373
861000,72461100,84,4.268650418,0.090698519
862000,63462700,73,3.73390454,0.079297162
863000,66606400,77,3.913994902,0.083080627
864000,66959000,77,3.929827717,0.08337548
865000,61174200,70,3.585863357,0.076040355
866000,64236400,74,3.760695261,0.079708448
867000,68340000,78,3.995986932,0.084653775
868000,63921200,73,3.732989456,0.079043349
869000,63688500,73,3.714806912,0.078619695
870000,68439800,78,3.987015803,0.084339273
871000,69466100,79,4.041818079,0.085456615
872000,71000200,81,4.125994589,0.087193647
873000,82020400,93,4.76054657,0.10055427
874000,67850400,77,3.9332705,0.083039603
875000,75521900,86,4.372616516,0.092270065
876000,72762200,83,4.207673157,0.088746179
877000,62380800,71,3.602926632,0.075954157
878000,75019100,85,4.327581343,0.091186401
879000,81576800,92,4.700126802,0.098988183
880000,66877400,75,3.848508192,0.081013123
881000,76422400,86,4.392425835,0.092418052
882000,65060100,73,3.734821283,0.078543789
883000,65124600,73,3.733980993,0.078488136
884000,69374600,78,3.972830739,0.083468401
885000,75749900,85,4.332661598,0.090984447
886000,66827700,75,3.817710161,0.080131991
887000,66114700,74,3.772409251,0.079143017
888000,64553300,72,3.678867476,0.07714344
889000,64008700,72,3.643428248,0.076363595
890000,79893100,89,4.542099032,0.095153389
891000,70616000,79,4.009840913,0.083962731
892000,71372800,80,4.047939909,0.084719904
893000,69145400,77,3.916900117,0.081938141
894000,75213500,84,4.255528183,0.08897941
895000,105369800,117,5.954603973,0.124446189
896000,76653300,85,4.326604751,0.090379273
897000,81946900,91,4.619863227,0.096459246
898000,80793700,89,4.549408044,0.094943009
899000,63349200,70,3.562869488,0.074319298
900000,65214900,72,3.663427293,0.076380601
901000,62662400,69,3.515849784,0.073268928
902000,61962500,68,3.472444703,0.07233011
903000,68084200,75,3.810977991,0.079344114
904000,65356100,72,3.65393233,0.07603849
905000,80450200,88,4.492481964,0.093444611
906000,74787000,82,4.171293424,0.086722905
907000,72458500,79,4.036639378,0.08388386
908000,75692200,83,4.211805385,0.087482736
909000,79419700,87,4.41400206,0.091639438
910000,69213000,76,3.842197206,0.079730702
911000,62345300,68,3.456877191,0.071701155
912000,63765500,69,3.531464296,0.073213895
913000,73075400,80,4.042310158,0.083765471
914000,96050800,105,5.307003343,0.109921259
915000,72563800,79,4.004597722,0.082906461
916000,65827800,71,3.628601553,0.075087238
917000,94014000,102,5.176236287,0.107062783
918000,86702600,94,4.768105552,0.098575298
919000,91704500,99,5.037291927,0.104092007
920000,85366300,92,4.683669256,0.096739696
921000,83267500,90,4.563196045,0.09420763
922000,83322200,90,4.56088081,0.094116192
923000,92716000,100,5.069178977,0.104556764
924000,90978100,98,4.968385599,0.102430409
925000,85374900,92,4.656983308,0.095966048
926000,94065200,101,5.125072878,0.105563189
927000,86326800,93,4.698008949,0.096722172
928000,96240100,103,5.231448357,0.107654974
929000,86981300,93,4.72269604,0.097140945
930000,93976800,101,5.096634845,0.104784303
931000,92656000,99,5.019214098,0.103145201
932000,97245100,104,5.26174441,0.108079632
933000,87137200,93,4.709404648,0.096689905
934000,89444800,95,4.828568859,0.09909113
935000,111933800,119,6.035677696,0.12380661
936000,100145100,106,5.393820554,0.110590019
937000,94756000,101,5.097720728,0.10447138
938000,94867900,101,5.097904219,0.104427536
939000,105524900,112,5.664100231,0.115972912
940000,113117400,120,6.064702787,0.124118819
941000,90844300,96,4.864995555,0.09952066
942000,90763200,96,4.855117558,0.099273525
943000,89186500,94,4.765349796,0.097393861
944000,82287700,87,4.391742089,0.089717452
945000,94247800,99,5.024350064,0.102594365
946000,84606900,89,4.505279525,0.091953672
947000,89875400,94,4.78040407,0.09752498
948000,83926800,88,4.458951723,0.090926015
949000,83483500,87,4.430386444,0.090302824
950000,83768500,88,4.44049183,0.090468071
951000,89589600,94,4.74370669,0.096602157
952000,104493900,109,5.526645151,0.112495595
953000,96894600,101,5.118953029,0.104150228
954000,97434300,102,5.141678096,0.104565714
955000,89030300,93,4.692916303,0.095396574
956000,81260300,85,4.27854264,0.086934384
957000,81928300,85,4.308879709,0.087511683
958000,91974000,96,4.831800515,0.09808821
959000,91356400,95,4.793987565,0.097277201
960000,90431100,94,4.740130006,0.096141516
961000,86360500,89,4.521708998,0.091670598
962000,99722400,103,5.21549714,0.105689079
963000,85989400,89,4.492250259,0.090992477
964000,89551000,92,4.673109986,0.094613888
965000,92216800,95,4.806873059,0.097278996
966000,91777300,95,4.778652257,0.096665074
967000,89329800,92,4.646057279,0.093941318
968000,87603000,90,4.551197945,0.091982655
969000,104771200,108,5.437104886,0.10983892
970000,83597800,86,4.333513831,0.087505882
971000,87255000,89,4.518098602,0.091192995
972000,74284500,76,3.842236788,0.07751733
973000,79478200,81,4.106340696,0.082809233
974000,85509000,87,4.413064891,0.08895562
975000,71430400,73,3.682422292,0.07419526
976000,74229600,76,3.822523327,0.076984341
977000,78659200,80,4.046183325,0.081453112
978000,71186600,72,3.657781664,0.07360206
979000,66293200,67,3.402612532,0.068437627
980000,65835000,67,3.375396757,0.067860605
981000,69118700,70,3.539879774,0.071136427
982000,74766200,76,3.824931902,0.076831281
983000,74237600,75,3.793746052,0.0761717
984000,85244000,86,4.351455753,0.087331551
985000,76222600,77,3.886703503,0.077970337
986000,83965100,85,4.276848305,0.085759736
987000,80567600,81,4.099334232,0.082164591
988000,84664400,85,4.303106385,0.086211543
989000,78150200,79,3.967712242,0.079457639
990000,75711800,76,3.839749998,0.07686184
991000,70675200,71,3.58043839,0.071640163
992000,71902400,72,3.638671118,0.072773938
993000,67069400,67,3.390428356,0.067779841
994000,77040800,77,3.890291484,0.077739404
995000,69931600,70,3.527495799,0.070459384
996000,71723100,72,3.613967539,0.0721556
997000,75434000,75,3.796863279,0.07577473
998000,80618300,80,4.053447521,0.080860761
999000,76094700,76,3.821896264,0.076208985
1000000,73413900,73,3.683297666,0.0734139
1001000,76635600,76,3.840816759,0.07652079
1002000,103246900,103,5.168981978,0.102937932
1003000,88926200,88,4.447266641,0.088527527
1004000,83261200,82,4.159508373,0.082764119
1005000,74646800,74,3.725176878,0.074090428
1006000,68684100,68,3.423960499,0.068070547
1007000,77942300,77,3.881352115,0.077131009
1008000,73802200,73,3.671274759,0.072925348
1009000,76484400,75,3.80065684,0.075463356
1010000,71495500,70,3.548976936,0.070436318
1011000,69795100,69,3.460895898,0.068659115
1012000,78103600,77,3.868781882,0.076718532
1013000,75427900,74,3.732288939,0.0739806
1014000,90242100,88,4.460596488,0.088379647
1015000,73381200,72,3.623343546,0.071760548
1016000,69910100,68,3.448307928,0.068265199
1017000,75262700,74,3.708410295,0.07338349
1018000,68212700,67,3.357496302,0.066411543
1019000,77450800,76,3.808193272,0.075294739
1020000,70429500,69,3.459321292,0.068368232
1021000,77049900,75,3.780524398,0.074685014
1022000,66748800,65,3.271655359,0.064605147
1023000,76175300,74,3.72977666,0.073620832
1024000,77049400,75,3.768625044,0.074356566
1025000,72776400,71,3.555901308,0.07013015
1026000,73037700,71,3.564939185,0.070279077
1027000,79448700,77,3.873808819,0.076336304
1028000,87506800,85,4.262260465,0.083956076
1029000,101958500,99,4.96099579,0.097678813
1030000,87829800,85,4.269086891,0.084020654
1031000,100448500,97,4.877358482,0.095952315
1032000,99666100,96,4.834340617,0.09506659
1033000,113504500,109,5.499862885,0.108109186
1034000,103314400,99,5.000910466,0.098260744
1035000,92875300,89,4.490951112,0.088204289
1036000,71598000,69,3.45851212,0.067898669
1037000,72029900,69,3.475777536,0.06820947
1038000,76121600,73,3.669427004,0.071980006
1039000,80257500,77,3.864805038,0.075781344
1040000,94405600,90,4.541421085,0.089011834
1041000,85542100,82,4.110800565,0.080538551
1042000,73922500,70,3.548755366,0.069498442
1043000,76815800,73,3.683861734,0.072114749
1044000,74762200,71,3.581695109,0.070086008
1045000,74453100,71,3.563227349,0.06969608
1046000,78665700,75,3.760978014,0.073533948
1047000,90081200,86,4.302338817,0.08408415
1048000,80402400,76,3.836144415,0.074942312
1049000,88104400,83,4.19932463,0.082003873
1050000,81594300,77,3.885062529,0.075836079
1051000,76573400,72,3.642276304,0.071067961
1052000,78493700,74,3.729812047,0.072746347
1053000,75984500,72,3.606905531,0.070320581
1054000,83585500,79,3.963681376,0.077244938
1055000,73606800,69,3.486937664,0.067926502
1056000,87649100,83,4.147941112,0.080770279
1057000,180558100,170,8.536137298,0.166151587
1058000,175256300,165,8.277091721,0.161044218
1059000,139288300,131,6.571717686,0.127811725
1060000,117034700,110,5.51619303,0.107239764
1061000,74451500,70,3.505574701,0.068124037
1062000,88678900,83,4.171261834,0.081027702
1063000,94117600,88,4.422621714,0.08587583
1064000,84252200,79,3.955053924,0.076765982
1065000,84344200,79,3.955387212,0.076741593
1066000,82579900,77,3.868754482,0.075030622
1067000,75098300,70,3.514717062,0.068137074
1068000,75035000,70,3.508229598,0.067984046
1069000,91694200,85,4.28282427,0.082961254
1070000,102663500,95,4.790370814,0.092755656
1071000,98857700,92,4.608171721,0.089192081
1072000,81869800,76,3.812478258,0.073761808
1073000,89249900,83,4.15199943,0.080298634
1074000,86876300,80,4.037543092,0.078053952
1075000,81669000,75,3.791750955,0.073273096
1076000,99509300,92,4.615442616,0.08915491
1077000,90767100,84,4.205771427,0.081209139
1078000,111398200,103,5.156598341,0.09952909
1079000,90977900,84,4.207163273,0.081171532
1080000,81141600,75,3.748571121,0.072294945
1081000,82370800,76,3.801584098,0.073288316
1082000,94001700,86,4.334076342,0.083520833
1083000,83842500,77,3.861846423,0.074391195
1084000,103784400,95,4.775657663,0.091957712
1085000,83791600,77,3.851876189,0.074140562
1086000,85546600,78,3.928671477,0.075588898
1087000,88526600,81,4.061516916,0.078114106
1088000,83718700,76,3.837150865,0.073769889
1089000,100951900,92,4.622460495,0.088832662
1090000,80861600,74,3.698909863,0.071056299
1091000,97101100,89,4.437400911,0.085209305
1092000,81050100,74,3.700254257,0.071026366
1093000,81132000,74,3.700360869,0.071000587
1094000,81218600,74,3.700681202,0.070978941
1095000,99491000,90,4.528815615,0.086828564
1096000,80909400,73,3.679382023,0.070515266
1097000,91263000,83,4.146160311,0.079430043
1098000,90517900,82,4.108295327,0.078673951
1099000,78188100,71,3.545227177,0.067864729
1100000,88182200,80,3.994486441,0.076434935
1101000,85205800,77,3.855903695,0.073754442
1102000,103748700,94,4.690477616,0.08968303
1103000,92261200,83,4.167074573,0.079644507
1104000,92507000,83,4.174119943,0.079748218
1105000,81474000,73,3.672720707,0.070141592
1106000,99657200,90,4.488037391,0.085679316
1107000,90459500,81,4.069876881,0.077666324
1108000,89759800,81,4.034490057,0.076961272
1109000,136609500,123,6.134338551,0.116972449
1110000,155984900,140,6.997611768,0.133382266
1111000,157480800,141,7.057903612,0.134479636
1112000,143239300,128,6.413446928,0.122153245
1113000,154893600,139,6.928582168,0.131913951
1114000,95349600,85,4.261001961,0.081094442
1115000,99192200,88,4.428459921,0.084249091
1116000,116544000,104,5.19813829,0.098853859
1117000,105711200,94,4.710445695,0.08954498
1118000,96039500,85,4.275376373,0.081243231
1119000,138274100,123,6.149632185,0.116814219
1120000,139788300,124,6.211025834,0.117935293
1121000,132875600,118,5.898238579,0.111953279
1122000,102888100,91,4.562755538,0.086571683
1123000,103051900,91,4.56565809,0.086593714
1124000,103590600,92,4.585148749,0.086930241
1125000,114940700,102,5.082682575,0.096326339
1126000,136265500,121,6.019930858,0.114045546
1127000,160821700,142,7.098017167,0.134418416
1128000,187811200,166,8.281348483,0.156768152
1129000,180410800,159,7.947483751,0.150390921
1130000,156579000,138,6.891099836,0.130351445
1131000,174990100,154,7.69408151,0.145485453
1132000,157309000,138,6.910118836,0.130612256
1133000,147713900,130,6.482496902,0.122483193
1134000,129452300,114,5.675708677,0.107198866
1135000,135392900,119,5.930563368,0.111970108
1136000,130254100,114,5.700088006,0.107578109
1137000,128514500,113,5.618659969,0.106001359
1138000,170486100,149,7.446641013,0.140435073
1139000,177981900,156,7.766734586,0.146416578
1140000,152264500,133,6.638238173,0.125095413
1141000,177360700,155,7.725088578,0.145522091
1142000,166796700,146,7.258147522,0.136674753
1143000,141172300,123,6.137343757,0.115526109
1144000,169641200,148,7.368095978,0.138641197
1145000,149035700,130,6.467070381,0.121641588
1146000,150111300,130,6.507652521,0.122359152
1147000,139693400,121,6.050355695,0.113718405
1148000,115897800,100,5.01504249,0.094224179
1149000,156518200,136,6.76642122,0.127082223
1150000,150116300,130,6.483613995,0.121725367
1151000,126872000,110,5.474576812,0.102743132
1152000,146414500,127,6.311966384,0.118414632
1153000,119125400,103,5.130753309,0.096218905
1154000,118321900,102,5.091414113,0.095445712
1155000,83054700,71,3.570543902,0.066910032
1156000,77902700,67,3.345953494,0.062678091
1157000,84238700,72,3.614736324,0.06768799
1158000,81681200,70,3.501748916,0.065547974
1159000,82204000,70,3.520903473,0.065882155
1160000,88059000,75,3.768196489,0.070483387
1161000,80116700,69,3.425167497,0.064043451
1162000,75707800,65,3.233692396,0.060440971
1163000,91969700,79,3.924664281,0.073328905
1164000,95716500,82,4.080792968,0.076217963
1165000,93774600,80,3.994324346,0.074575527
1166000,101220000,86,4.307498543,0.08039305
1167000,123597500,105,5.254961465,0.098040023
1168000,107821200,92,4.579999143,0.085416131
1169000,92746300,79,3.936040495,0.073379513
1170000,79407800,67,3.366884361,0.062745758
1171000,88924400,75,3.766937312,0.070175514
1172000,77272700,65,3.270365484,0.060902437
1173000,89722900,76,3.793818937,0.070624646
1174000,97745100,83,4.129255227,0.076840972
1175000,102029500,86,4.306319652,0.080106722
1176000,106756500,90,4.501724826,0.083711157
1177000,84673100,71,3.567258061,0.066310265
1178000,82152100,69,3.457900761,0.064254084
1179000,92571800,78,3.892939808,0.072311605
1180000,97279900,82,4.087215692,0.075892718
1181000,85527800,72,3.590190881,0.066639611
1182000,87144300,73,3.65473049,0.067812971
1183000,83920900,70,3.516357078,0.065221835
1184000,84075200,71,3.51963435,0.065258991
1185000,83889800,70,3.508697537,0.065032677
1186000,91743800,77,3.833725071,0.071031288
1187000,97330400,81,4.063502662,0.075261424
1188000,98621000,83,4.113671179,0.076163123
1189000,96605500,81,4.025969567,0.074512489
1190000,98141100,82,4.086282147,0.075601512
1191000,89479900,75,3.722305747,0.068842693
1192000,87678400,73,3.644086038,0.067371813
1193000,87849400,73,3.647913977,0.067418352
1194000,89419600,74,3.709783991,0.06853718
1195000,92194200,77,3.821465465,0.070575139
1196000,87919500,73,3.641013717,0.067218442
1197000,108441800,90,4.486884773,0.082804796
1198000,113224600,94,4.680587987,0.086348653
1199000,106184700,88,4.385643323,0.080878515
1200000,89937200,74,3.711272104,0.068417546
1201000,107398600,89,4.427865802,0.081598863
1202000,87018200,72,3.584417961,0.066031839
1203000,99355500,82,4.088966059,0.075299739
1204000,91096600,75,3.745735669,0.068954472
1205000,112894100,93,4.637884114,0.085347475
1206000,100494600,83,4.12482363,0.075879029
1207000,105813400,87,4.339279845,0.079795751
1208000,83252400,68,3.411052509,0.062704161
1209000,90483000,74,3.704022426,0.068065579
1210000,98537400,81,4.03016668,0.074032607
1211000,91723300,75,3.748151986,0.068827732
1212000,89732800,74,3.663571507,0.067250774
1213000,87336800,72,3.562599299,0.065374153
1214000,85041000,70,3.46588883,0.063577044
1215000,94789200,78,3.85977521,0.070777373
1216000,87977200,72,3.579237291,0.06560996
1217000,106327300,87,4.321979065,0.079197034
1218000,128544800,105,5.220477388,0.095627671
1219000,111435700,91,4.521663089,0.082797798
1220000,110897400,90,4.495869341,0.082296548
1221000,138653600,113,5.616195846,0.102767941
1222000,117676200,96,4.762322697,0.087112771
1223000,112146400,91,4.534557619,0.082917395
1224000,111812800,91,4.517111669,0.082569451
1225000,102945400,84,4.155241573,0.075928149
1226000,119773100,97,4.8302428,0.088231484
1227000,107180900,87,4.318647147,0.078858871
1228000,110866200,90,4.463242105,0.081470731
1229000,115732900,94,4.655104023,0.084943277
1230000,104013700,84,4.180080838,0.076248776
1231000,114989200,93,4.61714036,0.084191835
1232000,116145200,94,4.659501855,0.084934709
1233000,107583700,87,4.312282513,0.078578161
1234000,115300000,93,4.617563216,0.08411173
1235000,121602100,98,4.865726996,0.088601411
1236000,131750900,106,5.267246955,0.095879527
1237000,121388400,98,4.848763595,0.088231292
1238000,103944200,83,4.148376094,0.075460433
1239000,113361600,91,4.520309509,0.082197575
1240000,128347300,103,5.113445016,0.092951031
1241000,137857200,111,5.487584981,0.099717592
1242000,222770100,179,8.860004875,0.160943894
1243000,229280900,184,9.111093374,0.165447872
1244000,199177500,160,7.908038188,0.143552152
1245000,109701000,88,4.351762952,0.078968986
1246000,124307600,99,4.926957211,0.089375939
1247000,128221500,102,5.077719755,0.092079123
1248000,125585200,100,4.969050413,0.090077554
1249000,116532600,93,4.606910172,0.083484102
1250000,116998700,93,4.62137287,0.083717455
1251000,112879200,90,4.454837455,0.080672954
1252000,124485600,99,4.908686776,0.088861292
1253000,120721400,96,4.75618818,0.08607116
1254000,131299200,104,5.168514107,0.093500897
1255000,138778700,110,5.458277333,0.098709108
1256000,115618300,92,4.543482051,0.082137621
1257000,98672200,78,3.874242483,0.070015129
1258000,96377100,76,3.780906068,0.068305062
1259000,99525200,79,3.90108519,0.070452185
1260000,92269400,73,3.613605248,0.065238186
1261000,97177500,77,3.802591427,0.068626696
1262000,93154000,73,3.642056472,0.065707127
1263000,105796400,83,4.132830325,0.074535963
1264000,111312600,88,4.344630271,0.078329205
1265000,107039200,84,4.174298052,0.075232772
1266000,100173700,79,3.903253085,0.070323934
1267000,88598900,69,3.449324189,0.062124572
1268000,96983800,76,3.772574799,0.067923541
1269000,98499100,77,3.828284407,0.068903269
1270000,90953300,71,3.532026495,0.063549609
1271000,99680000,78,3.867651821,0.069564826
1272000,86446200,67,3.351346923,0.060258073
1273000,89477200,70,3.465934035,0.06229738
1274000,95128000,74,3.681721975,0.066153713
1275000,100361800,78,3.881021685,0.069711297
1276000,99183500,77,3.832236903,0.068811879
1277000,107398400,84,4.146162401,0.074423736
1278000,109409600,85,4.220265689,0.075728464
1279000,135172800,105,5.209665318,0.093450901
1280000,97117600,75,3.739856105,0.067063001
1281000,98861300,77,3.803820288,0.068187163
1282000,102362600,79,3.935246931,0.070519508
1283000,108897300,84,4.182973219,0.074933691
1284000,95766200,74,3.67551164,0.065821037
1285000,99525200,77,3.816598413,0.0683248
1286000,93261300,72,3.573411356,0.063949921
1287000,91016600,70,3.484500899,0.062337989
1288000,91762900,71,3.510151083,0.062775956
1289000,90031500,69,3.441059276,0.061519828
1290000,88005400,68,3.360827784,0.060065453
1291000,107599300,83,4.105687913,0.073353372
1292000,89366600,69,3.407152358,0.060852926
1293000,96267600,74,3.66721671,0.065476033
1294000,91123600,70,3.468388116,0.061905531
1295000,116261800,89,4.42154992,0.078891895
1296000,109947700,84,4.177962977,0.074520995
1297000,128790700,99,4.889947186,0.087191578
1298000,111545000,85,4.231664976,0.075428951
1299000,116485900,89,4.415463615,0.078679145
1300000,119124000,91,4.511742213,0.0803682
1301000,104275000,80,3.946095062,0.070269078
1302000,129185400,99,4.884761795,0.08695548
1303000,147993300,113,5.591327067,0.099500538
1304000,123480500,94,4.66137867,0.082924334
1305000,119184500,91,4.495512619,0.079947339
1306000,105025200,80,3.958190307,0.070368574
1307000,104004800,79,3.916521566,0.06960493
1308000,101076700,77,3.803141224,0.067567747
1309000,102975200,78,3.871404713,0.06875799
1310000,124408500,94,4.6733767,0.082974207
1311000,119538800,91,4.486779265,0.07963516
1312000,117071100,89,4.390569544,0.077902061
1313000,131009400,99,4.909296244,0.087077383
1314000,110577300,84,4.140269918,0.073412994
1315000,130277000,99,4.873899673,0.086393112
1316000,114243900,86,4.270594034,0.075674435
1317000,127219800,96,4.751783875,0.084173628
1318000,129564500,98,4.835428503,0.08562743
1319000,114042400,86,4.252678308,0.075283388
1320000,137584900,104,5.126423317,0.090721428
1321000,114872700,86,4.276695203,0.075659349
1322000,115837300,87,4.309113587,0.076208119
1323000,100393600,75,3.731589449,0.065973004
1324000,99753500,75,3.704798148,0.065478114
1325000,105146700,79,3.901942828,0.068940087
1326000,100449200,75,3.724610381,0.065785654
1327000,117517300,88,4.353971182,0.076876822
1328000,130444100,98,4.829006941,0.085236838
1329000,113884300,85,4.212570229,0.074332097
1330000,113605000,85,4.19885538,0.074066187
1331000,113452100,85,4.189830433,0.073883159
1332000,99193400,74,3.660305931,0.064524766
1333000,104539500,78,3.854481734,0.067925868
1334000,101536700,76,3.740759997,0.06590059
1335000,97301600,72,3.58185724,0.063080929
1336000,97459100,72,3.584779434,0.063112111
1337000,111283900,83,4.090010228,0.071983876
1338000,102212300,76,3.753595701,0.066041814
1339000,111008300,82,4.073355554,0.071644785
1340000,116404400,86,4.267947436,0.075043348
1341000,92315700,68,3.382036495,0.059447336
1342000,107363300,80,3.930175024,0.06906008
1343000,129525400,96,4.737667287,0.083222532
1344000,117221400,87,4.284206103,0.075232934
1345000,123426900,91,4.507413147,0.079127309
1346000,135740100,100,4.953133836,0.086924174
1347000,130338600,96,4.752253076,0.083372276
1348000,110905400,82,4.040490305,0.070862726
1349000,115428300,85,4.201929883,0.073670629
1350000,99740700,73,3.627975079,0.063587501
1351000,104337800,77,3.792182212,0.066444441
1352000,120273700,88,4.367914082,0.076507786
1353000,126433800,93,4.587993104,0.080337164
1354000,101926200,75,3.695743346,0.064693081
1355000,109655900,80,3.972872559,0.069522129
1356000,105046000,77,3.802848853,0.066525782
1357000,109275800,80,3.952853399,0.069128037
1358000,129481200,95,4.680053859,0.081819545
1359000,115200700,84,4.160609237,0.072715322
1360000,112158600,82,4.047550901,0.070717063
1361000,106803400,78,3.851261418,0.067266354
1362000,106200400,77,3.826506949,0.066812926
1363000,109633000,80,3.947083713,0.068896556
1364000,109561600,80,3.941416603,0.068775984
1365000,125098900,91,4.496831915,0.078443058
1366000,109644200,80,3.938204512,0.068676731
1367000,116061800,84,4.165446808,0.072616704
1368000,98463800,71,3.531090291,0.061538577
1369000,100441100,73,3.599182589,0.062705594
1370000,115591800,84,4.138851873,0.072085211
1371000,108894600,79,3.896008428,0.067834427
1372000,130542400,95,4.666873961,0.081230743
1373000,111769400,81,3.992625557,0.06947317
1374000,102666300,74,3.664586733,0.063745247
1375000,131731300,95,4.6983758,0.081702422
1376000,108733400,79,3.875106721,0.067365156
1377000,104755400,76,3.730433406,0.064829923
1378000,100069700,72,3.560802523,0.061862686
1379000,90923500,65,3.232839185,0.056147412
1380000,89029900,64,3.163055068,0.054918322
1381000,101898500,73,3.617443982,0.06278809
1382000,90052200,65,3.194418056,0.05542839
1383000,95299700,68,3.377945233,0.05859469
1384000,97585800,70,3.456301242,0.059935274
1385000,100141500,72,3.544077309,0.061438334
1386000,110237600,79,3.898371484,0.067559263
1387000,132971800,95,4.698699168,0.081403833
1388000,124750000,89,4.404772783,0.076288022
1389000,129876400,93,4.582244982,0.079337201
1390000,125360700,90,4.419517103,0.076496085
1391000,132383400,95,4.663505908,0.080694296
1392000,105632400,75,3.718279044,0.064318853
1393000,109948600,78,3.867235396,0.066874882
1394000,100496100,72,3.532046608,0.061059754
1395000,96001300,68,3.37148231,0.05826608
1396000,101257300,72,3.55334117,0.061390082
1397000,120229900,86,4.215897896,0.072814501
1398000,111237600,79,3.897592952,0.067296248
1399000,106703300,76,3.735856913,0.064483898
1400000,124156000,88,4.34358021,0.074950694
1401000,124166100,88,4.340613958,0.074876552
1402000,106179100,75,3.708987665,0.063961261
1403000,103452300,73,3.610979012,0.062252048
1404000,101289200,72,3.532780516,0.060885304
1405000,96137300,68,3.350536668,0.057726793
1406000,108004400,76,3.761257601,0.06478336
1407000,131341100,93,4.570478715,0.07869724
1408000,117871000,83,4.098620022,0.070550969
1409000,113317000,80,3.937274018,0.067753008
1410000,112835600,80,3.917570619,0.067393417
1411000,105813100,74,3.670967022,0.063131908
1412000,124018600,87,4.299306999,0.073915374
1413000,121865200,86,4.221454973,0.072554852
1414000,122873400,86,4.253156741,0.073077513
1415000,119867100,84,4.14595707,0.071213993
1416000,104725700,73,3.619508475,0.06215247
1417000,99969200,70,3.452504864,0.059266795
1418000,113471400,80,3.915853942,0.067200432
1419000,102887700,72,3.547935793,0.060868117
1420000,104782700,73,3.610558044,0.061923724
1421000,101482500,71,3.494206673,0.059910099
1422000,116335800,81,4.002614168,0.068606298
1423000,105190000,73,3.616412404,0.061967947
1424000,136072000,95,4.674612771,0.080076261
1425000,121498000,85,4.170802359,0.071424438
1426000,107528100,75,3.688470309,0.06314554
1427000,133752600,93,4.584591249,0.078463246
1428000,114780200,80,3.931331469,0.067262757
1429000,127839600,89,4.375348144,0.074837119
1430000,118716100,83,4.060051931,0.06942335
1431000,139816600,97,4.778104989,0.081676908
1432000,129793700,90,4.432265589,0.075742404
1433000,114165800,79,3.895683152,0.066552862
1434000,114631200,79,3.908643929,0.066754279
1435000,139082900,96,4.738849342,0.080908823
1436000,119551700,83,4.070343313,0.069474287
1437000,130578100,90,4.442444164,0.07580279
1438000,121049300,84,4.115195661,0.070197873
1439000,120200600,83,4.083303321,0.069633054
1440000,121715400,84,4.131688413,0.070437153
1441000,120337500,83,4.081880318,0.069567278
1442000,112634500,78,3.817756217,0.065046442
1443000,116762000,80,3.95472221,0.067359992
1444000,99990600,69,3.384165209,0.057624661
1445000,114538300,79,3.873657897,0.065940003
1446000,106846900,73,3.610861482,0.061448245
1447000,111948300,77,3.780463077,0.06431536
1448000,107241300,74,3.618831702,0.061547331
1449000,109281100,75,3.684939954,0.062653088
1450000,131768600,90,4.439934395,0.075467494
1451000,118294500,81,3.982984901,0.067680481
1452000,114321500,78,3.846375937,0.065339828
1453000,132325800,91,4.448855217,0.075552025
1454000,123499600,84,4.149057424,0.070439934
1455000,122874800,84,4.125029796,0.070011331
1456000,119129600,81,3.996359431,0.067807483
1457000,105817500,72,3.547179511,0.060168359
1458000,104310300,71,3.49408847,0.059250348
1459000,105851200,72,3.543102697,0.060063806
1460000,120790400,82,4.040190524,0.068470443
1461000,110362800,75,3.688704174,0.062495304
1462000,116214000,79,3.881427475,0.065741164
1463000,115287700,78,3.847672763,0.06515031
1464000,118161300,80,3.940694434,0.066705807
1465000,106409600,72,3.546180806,0.060010103
1466000,105485800,71,3.512827683,0.059428264
1467000,120004900,81,3.993418486,0.067538873
1468000,151651100,103,5.042833455,0.08526219
1469000,161656100,110,5.371611443,0.090794471
1470000,159736000,108,5.30394421,0.089624512
1471000,156913800,106,5.206443351,0.087951273
1472000,195869600,133,6.49428173,0.109674414
1473000,171051200,116,5.667277916,0.095680185
1474000,151856000,103,5.027647874,0.08485662
1475000,135288300,91,4.475874114,0.075521779
1476000,135794700,92,4.489369845,0.075727441
1477000,135749900,91,4.484636417,0.07562559
1478000,139237300,94,4.596515024,0.077489693
1479000,132202700,89,4.361129666,0.073500123
1480000,143597500,97,4.733597759,0.079754336
1481000,157138100,106,5.1762111,0.087186433
1482000,173860200,117,5.722909527,0.096366896
1483000,164495500,110,5.410746199,0.091084042
1484000,142220200,95,4.674671255,0.078670232
1485000,134731200,90,4.425321501,0.074452365
1486000,121794700,81,3.997533501,0.067235738
1487000,146462800,98,4.803727221,0.080772008
1488000,134069600,90,4.394088646,0.073862825
1489000,147414400,99,4.827987258,0.081133061
1490000,151782600,101,4.967479807,0.083453121
1491000,141374600,94,4.623529557,0.077652407
1492000,147879200,99,4.832787266,0.081143523
1493000,151507800,101,4.947822651,0.083051079
1494000,139065600,93,4.538241495,0.076154193
1495000,147562600,98,4.812083476,0.0807262
1496000,147021000,98,4.790991501,0.080349279
1497000,149667500,99,4.873746264,0.081713686
1498000,156967500,104,5.107810112,0.085613455
1499000,140333000,93,4.563253663,0.076464061
1500000,151181700,100,4.912516627,0.082292894
1501000,134778600,89,4.376389469,0.073290874
1502000,135241000,90,4.388274829,0.073468889
1503000,120311500,80,3.901065263,0.065293308
1504000,149297400,99,4.837479691,0.080943222
1505000,137983400,91,4.467708139,0.074734665
1506000,138016900,91,4.465616966,0.074678367
1507000,141201600,93,4.565415119,0.076325514
1508000,130663700,86,4.22169901,0.070559085
1509000,105644500,70,3.410916374,0.056991886
1510000,112576600,74,3.63215504,0.060671217
1511000,112727500,74,3.634447508,0.060692242
1512000,117205300,77,3.776141463,0.063040488
1513000,132661300,87,4.271082275,0.071282982
1514000,111414900,73,3.584510453,0.059807337
1515000,122310400,80,3.932267505,0.065591028
1516000,106786800,70,3.430761561,0.057209581
1517000,106253300,70,3.411213394,0.056867489
1518000,149909200,98,4.809372865,0.080153156
1519000,154723300,101,4.960321039,0.082645471
1520000,153354100,100,4.912963793,0.08183329
1521000,125910200,82,4.030912714,0.067122341
1522000,110939900,72,3.549153315,0.059083442
1523000,134838200,88,4.310668721,0.071740284
1524000,123135500,80,3.933778415,0.065449424
1525000,170721600,111,5.45017191,0.090653319
1526000,146036200,95,4.658837549,0.077469138
1527000,127943100,83,4.078771988,0.067804468
1528000,106850000,69,3.403947089,0.056570432
1529000,119540800,78,3.805575546,0.063227343
1530000,141957200,92,4.516039477,0.075010192
1531000,108598200,70,3.452385204,0.057327083
1532000,127684300,83,4.056305287,0.067336316
1533000,137252300,89,4.357219889,0.072311338
1534000,124822500,81,3.959858202,0.065698407
1535000,143792300,93,4.558474172,0.075608925
1536000,148199000,96,4.694901113,0.07784997
1537000,131670600,85,4.168381855,0.069099995
1538000,145897300,94,4.615551921,0.076491425
1539000,121072800,78,3.827550005,0.063414512
1540000,120991600,78,3.822324948,0.063310266
1541000,145005900,94,4.577795137,0.075802183
1542000,211643500,137,6.676888241,0.110529543
1543000,240095200,155,7.569223653,0.125266398
1544000,204219500,132,6.433746616,0.106445245
1545000,166373000,107,5.237797115,0.08663435
1546000,155307500,100,4.886045747,0.08079383
1547000,197189400,127,6.199378268,0.102482119
1548000,202150300,130,6.35094903,0.104958582
1549000,204946100,132,6.434336304,0.106307164
1550000,166438100,107,5.221759951,0.086249225
1551000,188374400,121,5.905902671,0.097522356
1552000,206961700,133,6.484176539,0.107041555
1553000,164302100,105,5.144090489,0.084895746
1554000,207623900,133,6.495964775,0.107176809
1555000,227933700,146,7.12649331,0.117547379
1556000,253204100,162,7.911144059,0.130453683
1557000,204363400,131,6.380769984,0.10518897
1558000,175782100,112,5.484615941,0.090390641
1559000,172765000,110,5.386778688,0.088753725
1560000,233356700,149,7.271024885,0.119765954
1561000,199983400,128,6.226894156,0.102539122
1562000,112716200,72,3.507246141,0.057738407
1563000,121103800,77,3.765652501,0.061975395
1564000,125682000,80,3.905335114,0.064256632
1565000,173486700,110,5.387091521,0.088612436
1566000,165699000,105,5.141752764,0.084553629
1567000,189019600,120,5.861401458,0.096361454
1568000,192619700,122,5.968962439,0.098102848
1569000,142853600,91,4.423775089,0.072687005
1570000,125227200,79,3.875291847,0.063657443
1571000,142737200,90,4.414149138,0.072489131
1572000,138999800,88,4.295643961,0.070523744
1573000,128842500,81,3.979034536,0.065307951
1574000,175346200,111,5.411523832,0.088795154
1575000,180077600,114,5.553768214,0.091104296
1576000,151024900,95,4.654592243,0.076333335
1577000,125504000,79,3.865412691,0.063373841
1578000,122905000,77,3.782798911,0.062002479
1579000,137832400,87,4.239363084,0.069466933
1580000,124138500,78,3.815588816,0.062505878
1581000,129377000,81,3.97391081,0.065081757
1582000,133921000,84,4.11070087,0.067303704
1583000,123870900,78,3.799643256,0.062193919
1584000,123048700,77,3.771873204,0.061722607
1585000,116474000,73,3.567925329,0.058369381
1586000,143389800,90,4.389468353,0.071789923
1587000,144955600,91,4.434408965,0.072505276
1588000,117839400,74,3.602454764,0.058886369
1589000,110665800,69,3.380873291,0.055249402
1590000,123155500,77,3.759905384,0.061426833
1591000,128884300,81,3.932157856,0.064223615
1592000,127205300,79,3.878324472,0.063327247
1593000,117303200,73,3.574020053,0.058342656
1594000,116304700,72,3.541218837,0.05779161
1595000,113164700,70,3.443301373,0.056178475
1596000,114902800,71,3.493843225,0.05698772
1597000,111579100,69,3.3905065,0.055287313
1598000,126158800,78,3.830966774,0.062452868
1599000,134760700,84,4.089435716,0.066648528
1600000,124406800,77,3.772712585,0.061470132
1601000,113411100,70,3.436962715,0.055984598
1602000,115477800,72,3.497257402,0.056951443
1603000,119981200,74,3.631217964,0.059117072
1604000,121428100,75,3.672556778,0.059774046
1605000,123938700,77,3.74599022,0.060952901
1606000,126706100,78,3.827082207,0.062255713
1607000,124756900,77,3.76569887,0.061240786
1608000,170077600,105,5.130256256,0.083409987
1609000,134999400,83,4.069442207,0.066145114
1610000,149708900,92,4.509848509,0.073283939
1611000,148185100,91,4.460980649,0.072470495
1612000,132773600,82,3.994378173,0.064873029
1613000,154391900,95,4.641664944,0.075365565
1614000,156930000,97,4.714843234,0.076533342
1615000,121859500,75,3.658751049,0.059374587
1616000,119709500,74,3.59181905,0.058272893
1617000,123302700,76,3.697183129,0.059966342
1618000,169903300,105,5.091115057,0.082553224
1619000,131536400,81,3.938854601,0.063852173
1620000,131308300,81,3.929427272,0.063682434
1621000,140015200,86,4.187217472,0.067842316
1622000,159920700,98,4.779345735,0.077415586
1623000,143668500,88,4.290806549,0.069483835
1624000,125763500,77,3.753580904,0.060768089
1625000,133099100,81,3.969906241,0.064253246
1626000,118674600,72,3.537341994,0.057237013
1627000,128990500,79,3.842300419,0.062155047
1628000,128912400,79,3.837450451,0.062060189
1629000,132498600,81,3.941613599,0.063727908
1630000,149922800,91,4.457027255,0.072042086
1631000,132477500,81,3.935815683,0.063600596
1632000,135755300,83,4.030552849,0.065114328
1633000,131307400,80,3.895941273,0.062923073
1634000,123069000,75,3.649113906,0.058921066
1635000,131830700,80,3.906348895,0.063057961
1636000,125106200,76,3.704667219,0.059786604
1637000,118111500,72,3.495253078,0.056392217
1638000,132549400,80,3.919949341,0.063227632
1639000,139012000,84,4.108387513,0.066249692
1640000,122256100,74,3.610823337,0.058210961
1641000,131300600,80,3.875423617,0.062460267
1642000,128623800,78,3.793942531,0.061131015
1643000,145594700,88,4.291727038,0.069133608
1644000,168035200,102,4.949987254,0.079716376
1645000,143265300,87,4.217569878,0.0679035
1646000,152487300,92,4.486137498,0.072208601
1647000,130802700,79,3.845682438,0.061883705
1648000,140905700,85,4.140027718,0.06660284
1649000,139877200,84,4.107142448,0.066056559
1650000,113217300,68,3.322186043,0.053417908
1651000,130569800,79,3.828885561,0.06154916
1652000,132366300,80,3.879053233,0.062339364
1653000,131004900,79,3.836672101,0.061642218
1654000,139593300,84,4.085551816,0.065623791
1655000,147746500,89,4.321380678,0.069393726
1656000,132434900,79,3.871035177,0.062145824
1657000,128248300,77,3.746241778,0.060126767
1658000,123957000,74,3.618552922,0.058062304
1659000,137092400,82,3.999420855,0.064156963
1660000,128077700,77,3.734025442,0.059884081
1661000,126146900,75,3.675365461,0.058928059
1662000,134741000,81,3.923232782,0.062885894
1663000,143055500,86,4.162645276,0.066706198
1664000,142797300,85,4.152460802,0.066525786
1665000,133906600,80,3.891422618,0.062327632
1666000,115093400,69,3.342549705,0.053522689
1667000,127982700,76,3.71449629,0.059463144
1668000,143776000,86,4.170195664,0.066740941
1669000,127229800,76,3.68791092,0.059007109
1670000,131367000,78,3.805393481,0.06087116
1671000,146546800,87,4.24239893,0.067844034
1672000,135887800,81,3.931313493,0.062853007
1673000,149095300,89,4.310656073,0.06890013
1674000,156089900,93,4.510000616,0.072067859
1675000,157976600,94,4.561599014,0.072873654
1676000,147379400,87,4.252886951,0.067924392
1677000,161447900,96,4.655885936,0.074341755
1678000,182261200,108,5.252755668,0.083850622
1679000,155795100,92,4.487143699,0.071610672
1680000,142086900,84,4.089720205,0.065251442
1681000,149524900,88,4.301071066,0.068605977
1682000,136240900,80,3.916465512,0.062455188
1683000,140585600,83,4.038792223,0.064389442
1684000,145989400,86,4.191370292,0.066804881
1685000,162973900,96,4.676026512,0.074510624
1686000,172789100,102,4.954497488,0.078927798
1687000,144265500,85,4.133998199,0.065840006
1688000,156235900,92,4.474178671,0.071239714
1689000,160061700,94,4.58083628,0.072919377
1690000,151960300,89,4.346228012,0.069167183
1691000,173393200,102,4.95609484,0.078852715
1692000,166926900,98,4.768252232,0.075844796
1693000,156305300,92,4.462026094,0.07095586
1694000,143252200,84,4.086818714,0.064972741
1695000,141987300,83,4.048176207,0.064342058
1696000,161478600,95,4.600985656,0.073109902
1697000,161884200,95,4.60963487,0.073228763
1698000,162487000,95,4.623884785,0.073436521
1699000,230970700,135,6.568583985,0.104295801
1700000,158890000,93,4.515835113,0.071684157
1701000,174771100,102,4.964070454,0.078779487
1702000,183683100,107,5.213921457,0.082723684
1703000,164110700,96,4.655424744,0.073843951
1704000,133426600,78,3.782614833,0.059984361
1705000,154075100,90,4.365254917,0.06920634
1706000,172446500,101,4.882689941,0.077390178
1707000,168001000,98,4.753838243,0.075328893
1708000,152166900,89,4.303092258,0.068169231
1709000,146018900,85,4.126649922,0.065357582
1710000,300876700,175,8.497777648,0.134553312
1711000,299790400,175,8.461803541,0.133949997
1712000,221372200,129,6.244488459,0.098825141
1713000,174160400,101,4.909665776,0.077680743
1714000,130568000,76,3.678477932,0.058186271
1715000,127901200,74,3.601099068,0.056947994
1716000,138630800,80,3.900761388,0.0616714
1717000,122069000,71,3.43260955,0.054256271
1718000,125850700,73,3.536748495,0.0558883
1719000,140354000,81,3.941876527,0.062274605
1720000,141426500,82,3.969527859,0.062695753
1721000,142606300,82,4.000154528,0.063163677
1722000,141151800,81,3.956895957,0.062464994
1723000,137640800,79,3.856077105,0.060858224
1724000,129869500,75,3.63610284,0.05737217
1725000,130393300,75,3.648504541,0.057553485
1726000,130595900,75,3.651908934,0.057592822
1727000,147388600,85,4.118937753,0.064941959
1728000,153344100,88,4.282718221,0.067507413
1729000,132677100,76,3.703221182,0.058358414
1730000,117237600,67,3.270257937,0.051522599
1731000,119872300,69,3.341684857,0.052634831
1732000,128867200,74,3.590217536,0.056535412
1733000,119284900,68,3.32120526,0.052286266
1734000,125580600,72,3.494337347,0.054998255
1735000,152731400,88,4.2472008,0.066831178
1736000,156598100,90,4.352044127,0.068463943
1737000,143218500,82,3.977758547,0.062560382
1738000,130432300,75,3.620404525,0.056925977
1739000,153695700,88,4.26350197,0.067021222
1740000,145561000,83,4.035364227,0.063419258
1741000,132007300,75,3.657368922,0.057464521
1742000,128672100,73,3.562775666,0.05596444
1743000,128758200,73,3.562971968,0.055953701
1744000,122287900,70,3.381851783,0.05309624
1745000,137735800,78,3.806726241,0.059752171
1746000,119645700,68,3.304728498,0.051859788
1747000,124155300,71,3.427188469,0.053768251
1748000,156751200,89,4.324319609,0.067826395
1749000,130903700,74,3.609052271,0.056593585
1750000,126204600,72,3.477370188,0.054515263
1751000,153455100,87,4.225632388,0.066229596
1752000,124049900,70,3.413827723,0.053492792
1753000,145226300,82,3.994159498,0.0625709
1754000,129999000,74,3.573182863,0.055962309
1755000,160438900,91,4.407173606,0.069007135
1756000,164805400,93,4.524361767,0.070824688
1757000,139121100,79,3.816932182,0.059735893
1758000,125414400,71,3.43878126,0.053804562
1759000,137339800,78,3.76347828,0.05887049
1760000,134769100,76,3.690790033,0.057719336
1761000,136549600,77,3.737279696,0.058432087
1762000,124274300,70,3.39924763,0.053133995
1763000,128954800,73,3.525132528,0.055088259
1764000,123837500,70,3.383192598,0.052857218
1765000,145421000,82,3.970438119,0.062016901
1766000,138972400,78,3.792073718,0.059216469
1767000,148495700,84,4.049478991,0.063220664
1768000,151708700,85,4.134594922,0.064533779
1769000,149425200,84,4.06989948,0.063508535
1770000,140045800,79,3.812127628,0.059471678
1771000,127776400,72,3.476047053,0.054215417
1772000,123180300,69,3.348991613,0.05222106
1773000,140565300,79,3.819344903,0.059540849
1774000,137807600,77,3.742157181,0.058323388
1775000,130081000,73,3.530213504,0.055006794
1776000,130139800,73,3.529682464,0.054985185
1777000,152016100,85,4.120535252,0.064173902
1778000,159964500,89,4.333375797,0.067472372
1779000,149838300,84,4.056620846,0.0631479
1780000,128615200,72,3.479948897,0.05415796
1781000,146088400,82,3.950348736,0.061463863
1782000,131587000,73,3.556083681,0.055316085
1783000,138791500,77,3.74853254,0.05829561
1784000,135442500,75,3.655888595,0.056841128
1785000,171593900,96,4.628918766,0.071952272
1786000,142888100,80,3.852242734,0.059865123
1787000,138607100,77,3.734591253,0.058022795
1788000,161975100,90,4.361601833,0.067748079
1789000,144626900,80,3.892128271,0.060441268
1790000,146614100,81,3.94324952,0.061220404
1791000,132718200,74,3.567381879,0.055371604
1792000,139484500,77,3.747018292,0.058145879
1793000,135036800,75,3.625374623,0.056244713
1794000,142252700,79,3.816825503,0.059200702
1795000,136619800,76,3.66350351,0.056808977
1796000,153790600,85,4.121488405,0.063895503
1797000,155863300,86,4.174549616,0.064702603
1798000,155050400,86,4.150307398,0.064311459
1799000,145816300,81,3.900813665,0.060430937
1800000,137225600,76,3.668818029,0.056823291
1801000,158676600,88,4.239805806,0.065651147
1802000,200611100,111,5.357105856,0.082932122
1803000,157234000,87,4.196276193,0.064946069
1804000,159555500,88,4.255708359,0.065850182
1805000,144418900,80,3.849698627,0.059553628
1806000,178181000,98,4.746864719,0.073414995
1807000,183294900,101,4.8802127,0.075459366
1808000,146625900,81,3.901594314,0.060313295
1809000,144103400,79,3.832205931,0.059226542
1810000,148926600,82,3.958131515,0.06115816
1811000,132713300,73,3.525135953,0.054454876
1812000,149255500,82,3.962190804,0.061191775
1813000,144337600,79,3.829378399,0.059126582
1814000,138862700,76,3.681953607,0.056836808
1815000,137076700,75,3.632456252,0.056059432
1816000,132251000,72,3.502514188,0.054041227
1817000,129996500,71,3.440780168,0.053076132
1818000,144891600,79,3.832771641,0.059108834
1819000,127461600,70,3.369719202,0.051955355
1820000,147453500,81,3.895957262,0.060054839
1821000,134130400,73,3.541858532,0.054583616
1822000,144879200,79,3.823446903,0.058909248
1823000,141133000,77,3.7223977,0.057338796
1824000,145096000,79,3.824678654,0.058900393
1825000,124771900,68,3.287015521,0.050608386
1826000,135104000,73,3.55712206,0.054754151
1827000,129040100,70,3.395478507,0.052253679
1828000,127658600,69,3.357161595,0.051651839
1829000,133771100,73,3.515851155,0.05408063
1830000,126330100,69,3.318342242,0.051030545
1831000,131539100,71,3.453150399,0.053091177
1832000,129716600,70,3.403318671,0.052312726
1833000,131072200,71,3.436878814,0.052816168
1834000,132854300,72,3.481576601,0.053490495
1835000,154943800,84,4.058087344,0.062333297
1836000,141622500,77,3.707032816,0.056927648
1837000,138838600,75,3.632047543,0.055763046
1838000,146567300,79,3.832001318,0.058819161
1839000,157656900,85,4.119542108,0.063217947
1840000,139007700,75,3.630131525,0.055694476
1841000,134618500,73,3.513467389,0.053891971
1842000,173408000,94,4.523224296,0.06936409
1843000,149621000,81,3.900492972,0.059800464
1844000,149208600,80,3.88748648,0.059587132
1845000,132719700,71,3.455880003,0.052959129
1846000,131444200,71,3.420684771,0.052407553
1847000,129719400,70,3.373844471,0.051677868
1848000,136284000,73,3.542530812,0.054249023
1849000,153216700,82,3.980371818,0.06093976
1850000,143012300,77,3.713127312,0.056834991
1851000,132032300,71,3.426065679,0.052428878
1852000,134506800,72,3.488260571,0.053368226
1853000,131604900,71,3.411034066,0.052174576
1854000,130310000,70,3.375523973,0.051619424
1855000,136021700,73,3.521447683,0.053838423
1856000,157132200,84,4.065631002,0.062143861
1857000,166335900,89,4.301288986,0.065730682
1858000,162753700,87,4.206234651,0.064263194
1859000,153107500,82,3.954660656,0.060405625
1860000,149114800,80,3.849317863,0.058782944
1861000,195780600,105,5.051066444,0.077116995
1862000,151188700,81,3.898372146,0.059504501
1863000,135417300,72,3.489705547,0.053254323
1864000,141497800,75,3.644308434,0.055600772
1865000,148015500,79,3.809987708,0.058115094
1866000,142732100,76,3.671885305,0.055995638
1867000,136609900,73,3.512374638,0.053550767
1868000,140193500,75,3.602449311,0.054911407
1869000,188401400,100,4.838442688,0.073734404
1870000,218745000,116,5.614501715,0.085541276
1871000,199577100,106,5.119594144,0.077983016
1872000,235929900,126,6.048667125,0.092113698
1873000,200494200,107,5.137247897,0.078215918
1874000,218620500,116,5.598500661,0.085219014
1875000,182356000,97,4.667165291,0.07102613
1876000,189534000,101,4.848112172,0.073762882
1877000,189794100,101,4.851999846,0.073805087
1878000,200057200,106,5.111459552,0.077733962
1879000,177263900,94,4.526513775,0.06882245
1880000,185049500,98,4.722635184,0.071787882
1881000,194943100,103,4.972301084,0.075565694
1882000,183689000,97,4.682587485,0.07114653
1883000,176494900,93,4.496641271,0.068305658
1884000,200024200,106,5.093215908,0.077350156
1885000,164978000,87,4.198451819,0.06374689
1886000,172842100,91,4.396088221,0.06673244
1887000,180276500,95,4.582577724,0.069547459
1888000,159915500,84,4.062704827,0.061643541
1889000,176757400,93,4.488037047,0.068081587
1890000,190520800,100,4.834766168,0.073324598
1891000,175183100,92,4.443034292,0.067368195
1892000,184186700,97,4.668745873,0.070774461
1893000,197588600,104,5.0056271,0.075864039
1894000,183962900,97,4.65780848,0.070576527
1895000,185884900,98,4.703816737,0.071257452
1896000,178666400,94,4.518603127,0.068436121
1897000,161950600,85,4.093539955,0.061984281
1898000,147745600,77,3.732383996,0.056502836
1899000,141731000,74,3.578425941,0.054159844
1900000,153325200,80,3.868978096,0.058544101
1901000,154561500,81,3.897981137,0.058969595
1902000,147300900,77,3.712783428,0.056155155
1903000,146671900,77,3.6948522,0.055871295
1904000,134539800,70,3.387325999,0.05120948
1905000,157918600,82,3.973705674,0.060060759
1906000,140015500,73,3.521233696,0.053209818
1907000,131959900,69,3.316783786,0.050109023
1908000,141660200,74,3.558603597,0.053750226
1909000,131665800,68,3.305684884,0.049918795
1910000,130141300,68,3.265580885,0.049302063
1911000,127734200,66,3.203387375,0.048352191
1912000,147993400,77,3.709383241,0.055977116
1913000,132656800,69,3.323120523,0.050136852
1914000,143136800,74,3.58364701,0.054055315
1915000,145213900,75,3.633620636,0.054796778
1916000,153884800,80,3.848439985,0.058023306
1917000,142272100,74,3.55603857,0.053602688
1918000,135317600,70,3.380328144,0.050942632
1919000,145790400,75,3.63991702,0.054842402
1920000,180872000,94,4.513277153,0.067986001
1921000,179725800,93,4.482180297,0.067502425
1922000,129851800,67,3.23657169,0.048732411
1923000,143265600,74,3.568927013,0.053724576
1924000,152698400,79,3.80179629,0.057217237
1925000,131143500,68,3.263321518,0.049102168
1926000,145507800,75,3.618747104,0.054437961
1927000,134543400,69,3.34420851,0.050296739
1928000,170125500,88,4.226291805,0.063549022
1929000,165830000,85,4.117299002,0.06189631
1930000,140882600,72,3.495956587,0.05254379
1931000,151203100,78,3.749979209,0.056349139
1932000,146114900,75,3.621781839,0.054410638
1933000,143236000,74,3.548458315,0.053297201
1934000,146007800,75,3.615126071,0.054286439
1935000,167306000,86,4.140176895,0.062157002
1936000,155695300,80,3.850729391,0.057798621
1937000,141311300,72,3.493048608,0.052418243
1938000,130793200,67,3.23127014,0.048479095
1939000,141682600,73,3.498364914,0.052474681
1940000,133737800,68,3.300375681,0.049493889
1941000,141092500,72,3.479956931,0.052175381
1942000,133179200,68,3.28297218,0.049211042
1943000,154354900,79,3.802876359,0.056991649
1944000,145143700,74,3.57397148,0.0535493
1945000,135345400,69,3.330869545,0.049895812
1946000,135906900,69,3.342850732,0.050064197
1947000,145086300,74,3.566673549,0.053404454
1948000,170884500,87,4.198568355,0.06285202
1949000,176069000,90,4.323576794,0.064709067
1950000,141400700,72,3.470353258,0.051927766
1951000,154189800,79,3.782158629,0.056580886
1952000,140184200,71,3.436728731,0.051401921
1953000,129379700,66,3.170111514,0.047403758
1954000,139639700,71,3.41963413,0.051123675
1955000,153035600,78,3.745636812,0.055985083
1956000,152495600,77,3.730380113,0.055744758
1957000,147149900,75,3.597646165,0.053749414
1958000,136477900,69,3.334906263,0.049813069
1959000,150303100,76,3.670727822,0.054817129
1960000,139259900,71,3.399173963,0.050750692
1961000,142795900,72,3.483583613,0.051999522
1962000,140329200,71,3.421541878,0.051062203
1963000,133973600,68,3.264799151,0.048712316
1964000,146751800,74,3.574244273,0.053317676
1965000,151161300,76,3.679637906,0.054877812
1966000,151887700,77,3.695309896,0.055099459
1967000,155340400,78,3.777257504,0.056309008
1968000,153161300,77,3.722247544,0.0554768
1969000,133484200,67,3.242277827,0.048312698
1970000,144236900,73,3.501555532,0.052164739
1971000,138680600,70,3.364842541,0.050117082
1972000,135077700,68,3.275647852,0.048777922
1973000,148528800,75,3.599886908,0.053594478
1974000,136639200,69,3.309925745,0.049266826
1975000,141507700,71,3.426004172,0.050983474
1976000,137646500,69,3.330718909,0.04955469
1977000,137357100,69,3.321918985,0.049412987
1978000,135365800,68,3.27199108,0.048659711
1979000,147874600,74,3.572416546,0.053115942
1980000,134638300,67,3.250892437,0.048324886
1981000,137954200,69,3.329158699,0.049477553
1982000,154845300,78,3.73476524,0.055493556
1983000,139093500,70,3.353033895,0.049810714
1984000,151346400,76,3.646440655,0.054157623
1985000,167959600,84,4.044528979,0.06005706
1986000,181145600,91,4.35970489,0.064723042
1987000,159353600,80,3.833164734,0.056893818
1988000,141903000,71,3.411564617,0.05062523
1989000,148959300,74,3.579284212,0.053102559
1990000,142211600,71,3.415310869,0.050658859
1991000,139429000,70,3.346687052,0.049630223
1992000,164109900,82,3.936984116,0.05837149
1993000,152733700,76,3.662104753,0.05428426
1994000,154795600,77,3.709553406,0.054975714
1995000,163964000,82,3.92716152,0.058188097
1996000,157103600,78,3.760830465,0.055711562
1997000,162944000,81,3.898553244,0.057739268
1998000,162686500,81,3.890309976,0.057604749
1999000,155775200,77,3.72304872,0.055116182
2000000,160345200,80,3.830224177,0.056690589
